smiles,jnk3_score
COc1ccc(C=C(C#N)C#N)cc1O,0.31
Cn1c(CCN2CCOCC2)nc2cc(NC(=O)c3cccc([N+](=O)[O-])c3)ccc21,0.26
COc1cc(-c2cc(=O)c3c(C)c(Cl)c(C)cc3o2)ccc1O,0.23
CNc1cc[nH+]c(NCc2nc(-c3cccc(F)c3)c(-c3ccccn3)[nH]2)n1,0.23
NC(=O)c1ccc(Nc2ncnc3scc(-c4ccccc4)c23)cc1,0.22
COc1ccc(CCN2C(=O)/C(=C/c3ccc(N4CCOCC4)o3)SC2=S)cc1,0.21
COC(=O)c1cc(C)ccc1NC(=O)c1cccc(Nc2cnn(C)c2)c1,0.18
N#C/C(=C\c1ccc(OS(=O)(=O)c2ccccc2)cc1)C(=O)NCc1ccccc1,0.17
O=C(CSc1ccccc1Cl)Nc1ccc([N+](=O)[O-])cc1C(F)(F)F,0.16
Cc1c(C)c2ccc(NC(=O)Cc3ccc([N+](=O)[O-])cc3)cc2[nH]c1=O,0.16
CC[C@@H](C)N1C(=O)[C@H](CC(=O)Nc2cccc([N+](=O)[O-])c2)S/C1=N\c1ccccc1,0.16
O=C(CCc1ccccc1O)N/N=C/c1cc([N+](=O)[O-])ccc1Cl,0.16
C[C@H](C(=O)Nc1cccc([N+](=O)[O-])c1)[n+]1ccccc1,0.15
Cc1c(-c2cnn(C)c2)nc(N)c(C#N)c1-c1ccc(-c2ccccn2)cc1,0.15
O=C(NC(=S)N1CC[NH+](CCO)CC1)c1cccc([N+](=O)[O-])c1,0.15
COc1ccc2c(Cl)c(C(=O)Nc3cccc([N+](=O)[O-])c3)sc2c1,0.15
CCC(CC)(C(=O)Cc1cccc2ccccc12)[NH+](C)C,0.14
Cn1/c(=N/C(=O)/C=C\c2ccc([N+](=O)[O-])cc2)sc2cc3c(cc21)OCO3,0.14
COc1ccc([N+](=O)[O-])cc1C(=O)O[C@@H](C)C(=O)N1c2ccccc2C[C@H]1C,0.14
CCN(CC(=O)N[C@H]1CCS(=O)(=O)C1)C(=O)Cc1cccc2ccccc12,0.14
Cn1cc(CN2CC[C@@H](C[NH+]3CCCC3)C2)c(-c2ccc([N+](=O)[O-])cc2)n1,0.14
O=[N+]([O-])c1ccc([O-])c(/N=C/c2cc(Cl)cc(Cl)c2O)c1,0.14
Cc1ccc(/C=C2/SC(=O)N(Cc3ccc(F)cc3)C2=O)o1,0.14
O=C(CCN1C(=O)/C(=C\c2cccs2)SC1=S)N[C@H]1C=CS(=O)(=O)C1,0.14
CS(=O)(=O)c1ccc(-c2ccc3c(c2)C[C@H](CNC(=O)c2ccc(F)cc2F)O3)cc1,0.13
CC(C)[NH+]1CCc2c(sc(NC(=O)c3ccc(Cl)cc3Cl)c2C#N)C1,0.13
Cc1oc(-c2cccs2)nc1C(=O)NCCc1cc(F)cc2c1OCOC2,0.13
C[C@H](N[C@@H]1CCN(C2CCCCC2)C1=O)c1cccc([N+](=O)[O-])c1,0.13
COc1cc(NC(=O)/C=C/c2cccc([N+](=O)[O-])c2)c(C(=O)[O-])cc1OC,0.12
O=[N+]([O-])c1ccc(/N=C/c2ccccc2OCc2ccccc2)c(O)c1,0.12
Cc1noc(-c2cnc(NCCCN3CCOCC3)nc2-c2ccco2)c1C,0.12
CC(C)CNC(=O)/C=C/c1cccc([N+](=O)[O-])c1,0.12
[NH3+]C[C@H]1CCCC[C@H]1Nc1nc2ccc([N+](=O)[O-])cc2o1,0.12
COc1ccc(Nc2nc(N3C[C@@H](C)O[C@H](C)C3)nc(N)c2[N+](=O)[O-])cc1,0.12
COc1cc(Br)cc(/C=N/Nc2ccc([N+](=O)[O-])cn2)c1O,0.12
O=C(/C=C/c1ccc([N+](=O)[O-])cc1)NCC1CCN(C(=O)c2ccoc2)CC1,0.12
O=C(c1cccc([N+](=O)[O-])c1)c1ccc2c(c1)C(=O)N(c1ccncc1)C2=O,0.12
O=C(Nc1cccnc1)N[C@@H](CO)c1ccc(Cl)c(F)c1,0.11
Cc1csc(Sc2ccc([N+](=O)[O-])cc2C(=O)OCc2cn3cc(Cl)ccc3n2)n1,0.11
O=C(N[C@H](CO)c1ccco1)c1conc1-c1ccc(Cl)cc1,0.11
NC(=O)N[C@H](CC(=O)NCCc1cccc2ccccc12)c1cccs1,0.11
Cc1cc(F)ccc1NC(=O)CNc1ccccc1[N+](=O)[O-],0.1
CC(C)(C)OC(=O)N1CCC(CSc2cnc3cc([N+](=O)[O-])ccc3n2)CC1,0.1
O=C(Nc1nc2cc([N+](=O)[O-])ccc2s1)c1ccc(F)c(F)c1,0.1
O=[N+]([O-])c1ccc(-c2ccc(CO)cc2)cc1,0.1
O=[N+]([O-])c1ccc(NCC2(N3CCOCC3)CCCCC2)c(S(=O)(=O)N2CCOCC2)c1,0.1
N#Cc1nc(/C=C/c2cccc([N+](=O)[O-])c2)oc1N1CCN(C(=O)COc2ccccc2F)CC1,0.1
C=CC[NH+](Cc1cccc([N+](=O)[O-])c1)Cc1occc1C,0.1
CCc1ccc(-c2c(C(=O)NCCCOC)sc3c2cnc2ccc(F)cc23)cc1,0.1
O=C(CNC(=O)c1cccc([N+](=O)[O-])c1)NNc1cccc(F)c1F,0.1
CSCC[C@@H](C(=O)[O-])N1C(=O)/C(=C/c2ccc(-c3ccccc3Cl)o2)SC1=S,0.1
Cc1ccc(/C=C(/C#N)c2ccc(Br)cc2)cc1[N+](=O)[O-],0.1
Nc1c(NCc2ccccc2)ncnc1Nc1ccccc1F,0.1
CS(=O)(=O)C1=NN2C(=N)/C(=C\c3c[nH]c4ccccc34)C(=O)N=C2S1,0.09
Cc1ccc2ncc(C(=O)N3C[C@@H]4OCCN(C)[C@@H]4C3)n2c1,0.09
COc1ccc(CC(=O)Nc2cc(-c3cn4nc(OC)ccc4n3)ccc2OC)cc1,0.09
CCc1nn(C)cc1C(=O)Nc1ccccc1OCCn1cc[nH+]c1,0.09
O=[N+]([O-])c1cccc(C[NH2+][C@@H]2C[C@H]3CCCc4cccc2c43)c1,0.09
Cn1cnc(CNC(=O)NCCC[NH+](C)C2CCCCC2)n1,0.09
Cc1ccc(CSc2nc3ccc([N+](=O)[O-])cc3[nH]2)cc1,0.09
Cn1cnc(CNC(=O)Nc2ccc3[nH]nnc3c2)n1,0.09
O=[N+]([O-])c1cccc(OC/C=C/CS)c1,0.09
O=C(COc1ccc([N+](=O)[O-])cc1Cl)NC1CCCCCCC1,0.09
N#CC1=C(N)OC2=C(C(=O)C[C@@H](c3ccccc3)C2)[C@@H]1c1c[nH]nc1-c1ccc(F)cc1,0.09
CN(Cc1ccc(F)cc1)C(=O)c1cc([N+](=O)[O-])ccc1N1CCCC1,0.09
C[C@@H](NC(=O)c1cn(-c2cccc([N+](=O)[O-])c2)nn1)c1cccc(N2CCCC2=O)c1,0.09
O=C(C[C@@]1(O)C(=O)N(Cc2ccc(Cl)cc2)c2ccc(Cl)cc21)c1ccc([N+](=O)[O-])cc1,0.09
COc1ccc(C(=O)NCc2ccc(C[NH+]3CCC[C@H](C)C3)cc2)cc1[N+](=O)[O-],0.08
CCOc1ccc(S(=O)(=O)N/N=C\c2ccc([N+](=O)[O-])o2)cc1,0.08
CCCCN1C[C@H](C(=O)Nc2cc([N+](=O)[O-])ccc2C)CC1=O,0.08
COc1cc(F)c([N+](=O)[O-])c(SCCN2CCOCC2)c1,0.08
CCOC(=O)c1cs/c(=N\C(=O)[C@@H]2CC(=O)N(c3ccc(F)c(Cl)c3)C2)[nH]1,0.08
O=C(Nc1ccccc1C(F)(F)F)c1cccc(Oc2cnccn2)c1,0.08
C[C@@H]1Cc2ccccc2N1C(=O)NCCCOC[C@@H]1CCCO1,0.08
Cc1ccc2c(c1)[C@]1(C(=O)N2)[C@@H](C(=O)c2ccccn2)[C@@H](c2ccc([N+](=O)[O-])cc2)[C@H]2CSCN21,0.08
O=C(Cc1ccc(Cl)c(Cl)c1)NCCN1C(=O)S/C(=C\c2ccccc2F)C1=O,0.08
O=C1C[C@@H](c2ccc(F)cc2)c2sc(Nc3ccccc3)nc2N1,0.08
COc1cc(/C=C2/SC(=O)N(CC(=O)N3CCOCC3)C2=O)ccc1OC(C)C,0.08
O=C(Nc1ccc(-n2cncn2)c(F)c1)c1cc(F)cc(F)c1,0.08
C[C@H](Sc1ncc2ccccn12)C(=O)Nc1nc(-c2cccc([N+](=O)[O-])c2)cs1,0.08
N#Cc1c(Cn2cc(I)cn2)cn2ccccc12,0.08
CCc1cc(Nc2ccc(C(=O)[O-])cc2)nc(C(C)C)n1,0.08
CC[NH+](CC)Cc1cnc2c(C(=O)N[C@H](C)c3n[nH]c(=O)[nH]3)cnn2c1,0.08
C=CCNC(=O)c1cc2sc(Br)cc2n1Cc1ccccc1OC,0.08
Cc1ccc([N-]S(=O)(=O)c2cn[nH]c2C(C)(C)C)cc1[N+](=O)[O-],0.08
Cc1ccc(C(=O)C2=NN(c3ccccc3)[C@H]3C(=O)N(c4cccc([N+](=O)[O-])c4)C(=O)[C@H]23)cc1,0.08
O=C(NC1CC[NH+](CCc2ccc([N+](=O)[O-])cc2)CC1)c1ccsc1,0.08
C[C@@H](Oc1ccccc1C(F)(F)F)C(=O)/N=c1/[nH]nc(-c2ccoc2)[nH]1,0.08
O=[N+]([O-])c1ccc(-c2ncn(Cc3ccc(Br)cc3F)n2)cc1,0.08
O=C(NCc1ccccc1Cn1cccn1)c1ccc([N+](=O)[O-])cc1Cl,0.08
COc1cc(/C=C(/C#N)c2nc(-c3ccc(F)cc3)cs2)cc(Br)c1O,0.08
O=[N+]([O-])c1cnn(CCCc2nc(-c3ccc(C(F)(F)F)cc3)no2)c1,0.08
Cc1n[nH]c(-c2ccc(C(=O)NCCC(=O)Nc3ccncc3)cc2)n1,0.07
O=C(C[C@@H]1S/C(=N/N=C2\C(=O)Nc3ccccc32)NC1=O)Nc1ccc(Cl)cc1,0.07
Cc1ccc([C@@H]2CC(=O)c3cnc4nc(N5CCCCC5)[nH]c(=O)c4c3C2)cc1,0.07
Cc1nc(Br)ccc1NC(=O)C(=O)N(C)CC[C@H](C)O,0.07
CSc1ccccc1NC(=O)CN(C)C(=O)c1nc(-c2ccccc2)oc1C,0.07
O=C(COc1ccc([N+](=O)[O-])cc1)Nc1ccc(Cl)c(C(F)(F)F)c1,0.07
[NH3+][C@H]1c2ccccc2CCC[C@H]1[S@@](=O)c1cccc(F)c1,0.07
CNC(=O)COc1ccccc1C[NH+]1CC[C@@H](Oc2cccnc2)C1,0.07
COc1ccc2[nH]cc(C3=CCN(C(=O)[C@@H](C)NC(N)=O)CC3)c2c1,0.07
Cc1ccc([C@@H]([NH2+]CCn2cc([N+](=O)[O-])cn2)C2CC2)cc1,0.07
O=C1/C(=C\c2cn(-c3ccccc3)nc2-c2ccc(F)cc2)SC(=S)N1Cc1ccccc1,0.07
CCc1ccc(S(=O)(=O)Oc2ccc(C#N)cc2[N+](=O)[O-])s1,0.07
CC(C)n1c(=S)[nH]c(=O)c2c(C(F)(F)F)cc(-c3cnn(C)c3)nc21,0.07
CN(CC(=O)N[C@@H](CO)c1ccccc1F)c1ncnc2[nH]cnc12,0.07
O=c1[nH]nc(C[NH+]2CCC(n3c(=O)[nH]c4ccccc43)CC2)[nH]1,0.07
N#Cc1ccncc1N1CCC[C@@H](c2[nH]cc[nH+]2)C1,0.07
Cc1ccc(N2C[C@H](C(=O)Nc3ccc([N+](=O)[O-])cc3Cl)CC2=O)cc1C,0.07
C[C@@H](C#N)CNC(=O)C(=O)Nc1cc(F)ccc1Br,0.07
C[C@@H](NC(=O)COc1ccccc1C#N)c1nc2ccccc2[nH]1,0.07
C#CCOc1cccc(C[NH+]2CCC(c3nc(-c4cccnc4)cc(=O)[nH]3)CC2)c1,0.07
Fc1ccc(-c2nnc(CN3CCc4ccc(F)cc43)o2)cc1,0.07
COc1cccc(-n2c(/C=C\c3ccccc3[N+](=O)[O-])nc3ccccc3c2=O)c1,0.07
N#Cc1cccc(C(=O)N2CCN(c3ccc([N+](=O)[O-])cc3)CC2)c1,0.07
Cc1ccc([N+](=O)[O-])cc1NC(=O)[C@@H]1CS[C@@]2(C)CCC(=O)N12,0.07
O=C([C@H]1CC(c2ccccc2)=NO1)N1CCCSc2ccccc21,0.07
O=C(CCCN1C(=O)/C(=C/C=C/c2ccccc2)SC1=S)N[C@H]1C=CS(=O)(=O)C1,0.07
COc1cc(/C=C(\C#N)C(=O)Nc2c(C)cccc2C)cc([N+](=O)[O-])c1O,0.07
Cc1noc(CCN[C@H](C)c2cnn(-c3ccc(F)cc3)c2C)n1,0.07
COc1ccc(NC2=N[C@H]3[C@@H](O)[C@H](O)C[C@H](C(=O)N4CCC(C(N)=O)CC4)[C@H]3S2)cc1,0.07
CCO[C@@H]1C[C@@H](N(C)C(=O)Nc2nc(C(C)C)nn2C)C1(C)C,0.07
CC[C@H](C(=O)Nc1cccc(C)c1C)n1c(=O)cc(C)c2cccc(OC)c21,0.07
COc1cccc2c1OCC(C(=O)Nc1ccc(NC3CCOCC3)cc1)=C2,0.07
C[C@@H]1CC(=O)Nc2c1c(NC(=O)Cc1ccc([N+](=O)[O-])cc1)nn2C,0.07
Cc1cc(=O)[nH]c(-c2ccc(NCc3c(C)cc(C)[nH]c3=O)nc2)n1,0.07
O=C(Nc1nc2ccc([N+](=O)[O-])cc2s1)c1ccccc1F,0.07
Cc1n[nH]c2cc(NC(=O)[C@@H]3CCS(=O)(=O)C3)ccc12,0.07
C[C@H]1CCc2c(sc(NC(=O)Cc3ccon3)c2C#N)C1,0.06
O=C(c1ccc(C(F)(F)F)cc1)N1CCN(c2ccc(Cl)cc2[N+](=O)[O-])CC1,0.06
Cc1ccc(-c2ncco2)cc1NC(=O)Cc1cccc(F)c1,0.06
C/C(=C\c1ccc(OC(F)(F)F)cc1)C[NH2+]CC(C)C,0.06
CC[C@H](C)c1ccccc1NC(=O)[C@@H](C)Nc1ccc(Cl)c(C(N)=O)c1,0.06
O=[N+]([O-])c1cccc2c1N[C@H](c1cccc(Cl)c1)[C@@H]1CC=C[C@@H]21,0.06
Cn1ccc2cc(C(=O)Nc3cccnc3Oc3ccc4c(c3)OCO4)ccc21,0.06
CC(C)[C@@H]1C[C@H](C(F)(F)F)n2nc([C@H]3CC[NH+](CC(N)=O)C3)cc2N1,0.06
N#Cc1cccnc1N1CCC2(CC1)c1nc[nH]c1CCN2C(=O)C1CCC1,0.06
COc1ccc(OC)c(C2=NO[C@H](C(=O)Nc3ccc(C#N)cc3)C2)c1,0.06
O=S(=O)([O-])c1ccc(N/N=C/c2csc3ccccc23)cc1,0.06
C[C@H](S[C@@H]1NN=C(CCC(N)=O)N1C)C1=NC(=O)C2=C(c3cccs3)CSC2=N1,0.06
C[C@@H](OCC(F)(F)F)C(=O)N[C@H](C)c1ccc(-c2ccncc2)cc1,0.06
O=c1ccoc2c(Cl)cc(Cl)cc12,0.06
Cc1nc(N2CCC3(CC2)c2nc[nH]c2CCN3C(=O)C2CC2)c(C)c(C)[nH+]1,0.06
Cc1cc(-c2cc(F)cc3c2O[C@H](CNC(=O)c2ccco2)C3)ccc1F,0.06
CN1CC[NH+](CC(=O)N(C)c2ccc([N+](=O)[O-])cc2)Cc2ccccc21,0.06
Cc1cc(N2CCC([NH+]3CCC[C@@H](C(=O)NC4CC4)C3)CC2)c2ccccc2[nH+]1,0.06
CCOC(=O)c1c(NC(=O)c2ncccc2C(=O)[O-])sc2c1CC[C@H](C)C2,0.06
C[NH+]1CCN(c2ccc([N+](=O)[O-])c(NCCCO)c2)CC1,0.06
O=C1NC(=S)S/C1=C/NC1[NH+]=c2ccccc2=[NH+]1,0.06
Cc1cc(CC(=O)Nc2ccccc2-c2nc3ccccc3[nH]2)no1,0.06
CC(C)Cn1c(C[NH+](C)Cc2sc3ccccc3c2Cl)cnc1S(C)(=O)=O,0.06
C[NH+](C)CCCN(C(=O)c1ccc(C(F)(F)F)cc1)c1nc2c(F)cccc2s1,0.06
CCc1nc2c(N3CC[C@@]4(CCCN(CC5CCC5)C4=O)C3)ncnc2o1,0.06
O=C([O-])COc1ccc(C(=O)/C=C/c2ccc(Cl)c([N+](=O)[O-])c2)cc1,0.06
COc1ccc(-c2nc(C)sc2C(=O)Nc2cccc3[nH]ccc23)cc1,0.06
O=C(Nc1ccc2c(c1)COC2)c1cc2cc(F)ccc2o1,0.06
O=C(CCn1cc([N+](=O)[O-])cn1)N[C@@H]1CCCC[C@H]1OC1CCCC1,0.06
C[C@H](NC(=O)N1CC=C(c2ccc(Cl)cc2)CC1)c1cnn(C)c1,0.06
N#C/C(=C\Nc1ccc2oc(=O)ccc2c1)c1nc(-c2ccc(Br)cc2)cs1,0.06
O=C1CC[C@@H]2CN(c3cc[nH+]c4cc(F)ccc34)CC[C@@H]2N1C1CC1,0.06
COc1ccc([N+](=O)[O-])c(C(=O)Nc2ccc(Oc3ccccc3C#N)cc2)c1,0.06
C/C(=N\NC(=O)Cc1c(F)cccc1Cl)c1ccc(NC(=O)c2ccc(Br)o2)cc1,0.06
C[C@H]1CN(c2ncnc3c2cnn3CCNC(=O)CC2CCCC2)C[C@H](C)O1,0.06
Cc1ccc(-n2nnc(C(=O)Nc3sc4c(c3C#N)CCCC4)c2C)cc1,0.06
O=C1C(=O)N(C/C(Cl)=C/Cl)c2ccc(F)cc21,0.06
Cc1nnc(/N=C2/S/C(=C/c3cccn3C)C(=O)N2c2ccccc2)s1,0.06
CC[NH+]1CCN(c2ncc3c(n2)CN(c2ccccc2)C3=O)CC1,0.06
CCOC(=O)/C(C#N)=C/Nc1sc(C)c(-c2ccccc2)c1C(N)=O,0.06
Cc1cccc(N2C(=O)c3oc4ccc(F)cc4c(=O)c3[C@H]2c2cccnc2)n1,0.06
C#CCOc1cccc(COC(=O)[C@H]2C[C@@H]2[N+](=O)[O-])c1,0.06
Cn1ccc(N[C@H]2CCCC[C@H]2O)n1,0.06
Cn1cc(C[C@@H]2CC[NH+](Cc3ccc(N4CCCC4)nc3)C2)cn1,0.06
N#Cc1ccsc1NC(=O)CN1CCc2c(F)ccc(F)c2C1,0.06
COc1ccccc1C(=O)Nc1sc2c(c1C(=O)[O-])CCCC2,0.06
Cc1ccnc(NC[C@@H](c2cccs2)N2CCOCC2)n1,0.06
O=C(c1n[nH]c2c1CCc1ccccc1-2)N1CCC(CCN2CCOCC2)CC1,0.06
N/C(CSc1ccccn1)=N\Nc1ncc(C(F)(F)F)cc1Cl,0.06
CCc1ccc([C@H](CO)NC(=O)c2cnn(C(C)(C)C)c2)cc1,0.06
COC(=O)C1=C(C)N=C(C)/C(=C(\[O-])OC)[C@@H]1C(=O)OCC(=O)N1c2ccccc2C[C@@H]1C,0.06
O=c1ccc(-c2ccc(F)c(C(F)(F)F)c2)c[nH]1,0.05
O=C(Cn1nc(C(=O)[O-])c2ccccc2c1=O)c1ccc2c(c1)-c1ccccc1C2,0.05
CC(C)([C@H](N)c1cncc2ccccc12)[NH+]1CCCC1,0.05
C[C@H]1CN2C[C@H](O)C[C@@H]2C[NH+]1Cc1ccc(-c2ccccc2Cl)o1,0.05
Cc1sc(NC(=O)[C@H](C)n2c(=O)oc3ccccc32)nc1-c1ccc(Br)cc1,0.05
C[NH2+][C@H](C)[C@@H](c1nc(-c2cscc2C)no1)C(C)C,0.05
CCOc1ncnc(Nc2ccc3c(c2)OCO3)c1[N+](=O)[O-],0.05
COc1cccc(CC(=O)Nc2ccc(C)c(S(=O)(=O)Nc3ccccc3F)c2)c1,0.05
CCNc1ncc(C(=O)N2CCCC[C@@H]2c2ccc(F)cc2)cn1,0.05
O=[N+]([O-])c1cc(Cl)ccc1OC1CC[NH2+]CC1,0.05
COCCNc1ncnc(N2CCc3ccccc3C2)c1[N+](=O)[O-],0.05
[O-]/C(=C\Sc1nc2ncccc2n2cccc12)NCc1cccc(F)c1,0.05
CC(C)(C)c1ccc(-c2csc(NC(=O)CN3CCN(c4ncccn4)CC3)n2)cc1,0.05
O=C(NCc1cccnc1-n1cncn1)C1=Cc2cc(Cl)ccc2OC1,0.05
COc1ccc(Br)cc1/C=C/C(=O)O[C@H](C)[C@@H]1CCOC1,0.05
CCc1nn(C)cc1CNC(=O)CCc1nc(-c2ccc(F)c(C)c2)no1,0.05
COC1(NC(=O)c2ccc([N+](=O)[O-])cc2)C(C)=CC(=O)C=C1C,0.05
C[NH2+][C@@H](Cc1cccc(F)c1F)c1cncc(Br)c1,0.05
Cc1ccc(O[C@@H](C)CNc2ncnc3nc(N)ccc23)cc1,0.05
NC(=O)[C@H]1CN(C(=O)Nc2cc(-c3ccccc3)on2)CCO1,0.05
CCC[C@@H]1[C@H](C)CCC[NH+]1CC(=O)Nc1cccnc1Cl,0.05
O=C(Cc1cccs1)N1CC[NH+](Cc2nnnn2-c2ccc(Cl)cc2)CC1,0.05
C[C@H]1CCC[C@@H](C(=O)Nc2cn(C)nc2-c2ccccc2)C1,0.05
Cc1ccc(C(=O)Nc2cn[nH]c2)c(C)c1,0.05
COC(=O)C[C@H](C)Sc1ncnc2cc(F)c(F)cc12,0.05
CN(Cc1nc2ccccc2n1C)C(=O)c1cnc(-c2ccccc2)[nH]c1=O,0.05
Nc1cccc(OCCSC[C@@H](O)CO)c1,0.05
Nc1ccc(SCc2cc(F)ccc2[N+](=O)[O-])cc1Cl,0.05
O=C([O-])COc1ccccc1/C=N/NC(=O)c1cc(-c2ccc(F)cc2)nc2ccccc12,0.05
O=C(Nc1ccc(Oc2cccnc2)nc1)N[C@@H]1[C@@H]2CC[C@@H](C2)[C@@H]1CO,0.05
CSc1nc(C)c(CCC(=O)[C@@H](C#N)c2ccc(F)cn2)c(=O)[nH]1,0.05
COCCn1c(C)cc(/C=C(/C#N)C(=O)N(C)[C@H]2CCCC[C@H]2C)c1C,0.05
Cc1cc(C)c(C(=O)COc2cccc([N+](=O)[O-])c2C)cc1C,0.05
O=C(NCC1([O-])CCC1)C1CCN(c2ccccc2[N+](=O)[O-])CC1,0.05
O=C(Cc1cccc(N(Cc2ccccc2)C(=O)c2ccc(F)cc2F)c1)N1CCOCC1,0.05
Cc1cc2oc(=O)cc(CN3CCN(S(=O)(=O)c4ccccc4[N+](=O)[O-])CC3)c2cc1C,0.05
C[C@H](NC(=O)Nc1ccc2c(c1)C(=O)NC2=O)c1ccncc1,0.05
CC(C)[C@@H](CO)NC(=O)Nc1cccc(C[S@@](=O)c2ccccc2)c1,0.05
O=C(Nc1ccccc1O)c1cc(-c2ccncc2)nc2ccccc12,0.05
CCc1ocnc1-c1nc(C)nn1-c1cccc2cccnc12,0.05
Cc1c(C[S@@](C)=O)cccc1NCc1ccccc1[N+](=O)[O-],0.05
Cc1cccc(N(Cc2cc3cccc(C)c3[nH]c2=O)C(=O)c2ccncc2)c1C,0.05
COC(=O)[C@@H]1CN(C(=O)Nc2cncc3ccccc23)C[C@H]1C,0.05
COc1ccc(Br)cc1NC1=[NH+]CCC1,0.05
O=C(Nc1ccc(N2CCOCC2)cn1)C1CCN(c2ncccn2)CC1,0.05
Cc1cccc(NC2CC[NH+](Cc3ncn(-c4ccccc4)n3)CC2)c1,0.05
CCc1[nH]nc(-c2ccc(Cl)cc2)c1NC(=O)c1ccccc1F,0.05
CC(=O)C[C@H]1CCCN1C(=O)c1ccc(Cl)cc1[N+](=O)[O-],0.05
C[C@@H](Sc1nc(-c2ccc(Cl)cc2)cc(C(F)(F)F)n1)C(N)=O,0.05
Cc1noc(-c2cccnc2NC[C@H](C)N2CCOC[C@@H]2C)n1,0.05
CS(=O)(=O)c1ccc(C(=O)Nc2ccccc2SCC(F)(F)F)cc1,0.05
Cc1ccc(-c2ccc(=O)n([C@@H](C)C(=O)Nc3c(C)cccc3[N+](=O)[O-])n2)cc1,0.05
CC(=O)c1c[nH]c(C(=O)NCC[C@H](C)c2cccc(C(F)(F)F)c2)c1,0.05
CC[C@H](C)SCc1noc(CC2C[C@H]3CC[C@@H](C2)[NH2+]3)n1,0.05
CCC[NH2+][C@H](c1cccc(Cl)c1F)[C@H](C)CC,0.05
Cc1c(NC(=O)c2cccnc2N2CCCC2)cccc1[N+](=O)[O-],0.05
CS[C@H](CO)[C@@H](C)NC(=O)NCc1cc(=O)[nH]c2ccccc12,0.05
O=C(CCc1cc2ccccc2[nH]1)N/N=C\c1ccncc1,0.05
CCc1ccc(C(=O)Nc2cc(C(=O)N(C)C)ccc2F)cc1[N+](=O)[O-],0.05
O=C(Cc1cscn1)N1CC[C@@H]2[C@@H](N=C3C=CC=C[C@H]32)[C@@H]1c1ccccc1F,0.05
C[C@H](c1ccccn1)N(C)C(=O)C1=CC=CN2CCS(=O)(=O)N=C12,0.05
COc1ccc(NC(=S)Nc2cc(C)ccn2)cc1,0.05
O=C(Cc1ccc(-n2cccn2)cc1)Nc1cccc(CN2CCOC2=O)c1,0.05
CC1(C)CC(=O)C2=C(C1)c1c(ccc3ccccc13)N[C@H]2c1ccc[nH]1,0.05
COc1cc(OCC(=O)[C@H](C#N)c2ccc(F)cn2)ccc1[N+](=O)[O-],0.05
COc1ccc(/C=C2\C(=O)N(c3ccc(Cl)cc3Cl)C(=S)N=C2[O-])cc1OC,0.05
Cc1cc(C(=O)OCC(=O)c2ccc(Cl)c([N+](=O)[O-])c2)c2ccccc2n1,0.05
CC[NH+](CC)CCn1cc(N[C@@H]2CC[C@@H]([NH3+])C2)cn1,0.05
COc1ccc(Nc2cc(C)ccc2N)cc1C,0.05
Cc1ncc([C@@H](C)[NH2+]C[C@@H]2CN3CCCC[C@@H]3CO2)s1,0.05
C[C@H]([NH2+][C@@H]1CCc2c(F)ccc(Br)c21)[C@H]1CCCO1,0.04
Cc1cc(F)ccc1NC(=O)Cn1cc(Br)c(=O)[nH]c1=O,0.04
CCOc1ccccc1N1C[C@H](C(=O)N(C2CC2)[C@@H](C)c2ccco2)CC1=O,0.04
CCO[C@@H]1CCC[NH+]([C@@H](C)C(=O)Nc2ccccc2-c2ccccc2)C1,0.04
COc1cc(-c2c3oc4c(O)c(O)ccc4c3nc3c2c(=O)[nH]n3C(C)C)cc(OC)c1OC,0.04
CC(=O)NC(=O)NC(=O)/C(C#N)=C/Nc1ccc(O)cc1,0.04
O=C(NC(=S)Nc1cccc(NC(=O)c2ccccc2Cl)c1)c1ccccc1F,0.04
CCc1ccc(NC(=O)N[C@H]2C[C@H]3C(=O)N[C@H]([C@H](C)O)C(=O)N3C2)cc1,0.04
O=C(Cn1cncn1)N/N=C\c1cccc(Br)c1,0.04
COc1ccccc1Cn1ncc2[nH]c(-c3cc4c(cc3OC)OCO4)nc21,0.04
CC(=O)[C@H](C)SCCc1ccc([N+](=O)[O-])cc1,0.04
COc1ccccc1C(=O)NNC(=O)CNc1nc2ccccc2s1,0.04
COc1cc(CN2CCOC[C@@H]2CC(C)C)c([N+](=O)[O-])cc1OC,0.04
Cc1oc(C(=O)OCc2ccnc(Cl)c2)cc1S(=O)(=O)N(C)C,0.04
COc1cccc([C@H](CO)NC(=O)c2ccccc2O)c1,0.04
O=C(CCCc1nc2ccccc2c(=O)[nH]1)Nc1ccc2c(c1)OC1(CCCC1)O2,0.04
Cc1ccc(C[NH+](C)[C@@H](C)c2nnc(-c3cccs3)o2)cc1,0.04
O=C(c1ccccc1C(F)(F)F)N1CCN(C(=O)[C@@H]2C[C@@H]2c2cccs2)CC1,0.04
C[C@@H](C(=O)N1CCN(Cc2ccccc2)CC1)[NH+](C)CC(=O)Nc1cccc(F)c1,0.04
C[C@H](NCC(=O)NCc1ccccc1[N+](=O)[O-])c1ccc(Cl)cc1,0.04
C=C1c2ccccc2C(=O)N1CC(=O)Nc1ccc(-c2cc[nH]n2)cc1,0.04
CC1(C)C[C@@H]2C[C@@](C)(CN2c2ncnc(NNC(=O)c3ccncc3)c2N)C1,0.04
Cc1ccc(/C=C2/SC(=O)N(CC(=O)[O-])C2=O)cc1,0.04
COC(=O)c1cc2ccccc2cc1NC(=O)c1c[nH]c(=O)n(C)c1=O,0.04
Cc1cccc(Cl)c1NC(=O)c1scnc1C1CC1,0.04
Cc1cnc(N2C[C@@H]3[C@H](C2)C3(C)C)c([N+](=O)[O-])c1,0.04
COc1cc(/C=C(\C#N)c2nc(C)cs2)cc(Br)c1OCC(=O)N(C)C,0.04
Fc1ccccc1[C@H](CBr)Cc1cccc(F)c1F,0.04
O=C(Nc1ccc(Cl)c([N+](=O)[O-])c1)/C(=C\c1ccccc1)NC(=O)c1ccccc1,0.04
O=C(NCCCN1CCCC1=O)c1cc2scnc2[nH]1,0.04
CCc1nc(-c2cccnc2)nc(NCC2CC[NH2+]CC2)c1C,0.04
COCCNC(=O)[C@]1(C[C@@H]2CC(c3ccc(F)cc3)=NO2)CCC[NH2+]C1,0.04
CCN(CC)S(=O)(=O)c1ccc(C(=O)Nc2ccc(N3CCCS3(=O)=O)cc2)cc1,0.04
C[NH2+]Cc1ccc(OCc2ccc(F)cc2)c(OC)c1,0.04
Cc1cc(/C=C2/C(=N)N3C=CSC3=NC2=O)c(C)n1-c1cccc(Cl)c1Cl,0.04
C[C@@H]1Cc2cc(-c3cc(C(=O)Nc4sc5c(c4C(=O)NCc4ccco4)CCC5)no3)ccc2O1,0.04
CC(=O)Nc1cc(C)c(N)cn1,0.04
Cc1nc(CN[C@@H](C)c2ccc(Cl)cc2Cl)sc1C,0.04
c1ccc(Nc2cncc([C@@H]3CCCN(c4ncccn4)C3)n2)nc1,0.04
CCN1C(=O)/C(=C\c2sccc2C)SC1=S,0.04
CN(C(=O)c1cccc(-c2nc(CCl)cs2)c1)C1CC1,0.04
CCOc1ccc([C@@H](C)[NH2+][C@H]2CCO[C@]3(CCSC3)C2)cc1[N+](=O)[O-],0.04
Fc1cc(Br)cc(C[NH+]2CCCC2)c1,0.04
C[C@H](NC(=O)Nc1cccn(C)c1=O)c1ccc(-c2cncnc2)cc1,0.04
CCc1ccc([C@H](Cl)c2ccc3[nH]c(=O)oc3c2)o1,0.04
CN(C)C(=O)[C@@]1(Cc2ccc(-c3cccs3)cc2)CCCN(C(=O)c2cncc(N)c2)C1,0.04
CC[C@@]1(C)CN(Cc2cccnc2)c2ccccc2C[NH2+]1,0.04
CCc1ccccc1NC(=O)[C@H](C)N1CCN(C(=O)C(=O)NC2CC2)CC1,0.04
CNc1snc(C)c1C(=O)O[C@@H](C)C(=O)N[C@H]1CCOc2ccccc21,0.04
COc1ccc(-c2cc(C)cc3c2O[C@@H](CNC(=O)[C@@H]2CCCC4=c5ccccc5=[NH+][C@H]42)C3)nn1,0.04
COc1c(Br)cc(Br)cc1/C=C/C(=O)Nc1ccc2c(c1)C(=O)N(C)C2=O,0.04
CC[NH2+][C@H](c1ccc(Cl)cn1)[C@H]1CCCc2cccnc21,0.04
CC(C)c1[nH+]ccn1CCC(=O)Nc1ccccc1C[NH+]1CCCC1,0.04
CCc1n[n-]c(S(=O)(=O)Cc2cccc(C(=O)NCC(C)C)c2)n1,0.04
Cc1nc(NCCN2CCCS2(=O)=O)c2cc[nH]c2n1,0.04
Cc1cc(C)cc(CN2C(=O)N[C@](C)(c3cccc(C(N)=O)c3)C2=O)c1,0.04
COc1ncc(C)cc1NC(=O)N(C[C@H](O)c1ccc(F)cc1)C1CC1,0.04
CCN(C(=O)[C@H](C)c1cccc(F)c1)c1ccc(C#N)c(Cl)c1,0.04
Cn1c(C(=O)NC[C@@H]2CCCO2)c(N2CCCC2=O)c2cc(F)ccc21,0.04
Cn1cc(CCCNc2cc(-n3cccn3)nc(N)n2)cn1,0.04
Nc1cc(C(=O)N2CCC(Cc3n[nH]c(=O)n3-c3ccccc3)CC2)n[nH]1,0.04
COC(=O)c1ccc(N2C(=O)/C(=C\c3ccc(C)cc3)SC2=S)cc1,0.04
Cc1ccc(-c2cc(C(=O)N3CCC(C(=O)Nc4cc(C)on4)CC3)c3cnn(C(C)C)c3n2)cc1,0.04
COc1ccc(F)c(NC(=O)NC[C@@H](O)c2cnn(C)c2)c1,0.04
CCC[NH2+][C@@H](C)Cc1nc(-c2cc(F)cc(Br)c2)no1,0.04
COC(=O)c1ccccc1NC(=O)CSc1nnc2c3c(C)c(C)sc3nc(C(C)C)n12,0.04
Cc1cnccc1CN(C)C(=O)c1ccc(-c2ccccc2)[nH]1,0.04
Cn1c(=O)oc2ccc(NC(=O)N[C@@H]3CCCc4ccccc43)cc21,0.04
CC[NH+](CC)CC[C@H](N)c1cnccc1C,0.04
CCc1cccc(C)c1NC(=O)c1cnc(Cc2ccccc2)s1,0.04
Cc1nc(CN(C)C(=O)c2ccc3[nH]cnc3c2)nc2ccccc12,0.04
CCN(CC(=O)Nc1ccccc1OC)c1ncccc1[N+](=O)[O-],0.04
O=C(C1=C([O-])C(=O)N(Cc2ccco2)[C@@H]1c1ccc(Br)cc1)c1cc2ccccc2o1,0.04
O=C(NC(=S)NNC(=O)c1ccccc1O)c1ccc([N+](=O)[O-])cc1,0.04
O=C1/C(=C\c2ccncc2)N(Cc2ccccc2)S(=O)(=O)c2ccccc21,0.04
CC[C@@H]1Oc2ccc(NC(=O)Cc3ccc(F)cc3)cc2CN(Cc2cccc(OC)c2)C1=O,0.04
CN(C)c1ccc(/C=C2/C(=O)N(c3ccc(F)cc3)C(=O)N=C2[O-])o1,0.04
C[C@@H]1CC[C@@H](C)[NH+]1CCN1CCN(Cc2cc(O)ccc2[N+](=O)[O-])CC1,0.04
Cc1cc(C)n2ncc(C(=O)NC[C@@H]3CCS(=O)(=O)C3)c2n1,0.04
C[C@H](c1ccccc1Cl)[NH+](CC(=O)Nc1ccccc1[N+](=O)[O-])C1CC1,0.04
CC(C)(C)n1cc(NC(=O)[C@H]2CCOc3ccccc32)cn1,0.04
Cc1[nH]/c(=N/C(=O)C2=C3CCC[C@H]3S[C@@H]2n2cnnn2)sc1C,0.04
C[C@@H]1Cc2cc(-c3cc(CNC(=O)[C@H]4CC(=O)N(c5ccc(Cl)cc5)C4)no3)ccc2O1,0.04
Cc1cccc(C)c1-n1c(=S)[nH]c2sc3c(c2c1=O)CCN(Cc1ccccc1)C3,0.04
CCS(=O)(=O)C[C@@H](C)[NH2+]C1CCN(c2ccc([N+](=O)[O-])cc2)CC1,0.04
C/C(=N/NC(=O)[C@@H]1C=C(c2ccc(Cl)cc2Cl)N=N1)c1ccc([N+](=O)[O-])cc1,0.04
O=C(N[C@H](CO)c1ccco1)c1cc(F)ccc1Br,0.04
C[NH2+][C@@H](C)c1ccnc(Sc2cccc(OC)c2)c1,0.04
O=C(c1cccc(N2CCCC2=O)c1)N1CC(=O)N(C2CCCCC2)C[C@@H](OCc2ccccn2)C1,0.04
c1ccc(C[N+]23CCC(CC2)C[C@H]3Cc2cccc3ccccc23)cc1,0.04
CC(C)n1ccc(=O)nc1S[C@H]1CCN(c2ccccc2F)C1=O,0.04
C[C@H]([NH2+]C[C@H]1CN2CCC[C@@H]2CO1)c1cnn(C)c1,0.04
Cc1ccc(S(=O)(=O)[N-]c2ccc3c(c2)nc(C)n3C)c([N+](=O)[O-])c1,0.04
CC[C@@H](C(=O)Nc1ccc(C)cc1[N+](=O)[O-])c1ccccc1,0.04
O=C(NCCc1n[nH]c(=O)[nH]1)c1ccc(Oc2ccccc2)cc1,0.04
Cn1c(C(=O)NC[C@@H](O)C2CCOCC2)ccc1-c1ccccc1,0.04
O=C(NCc1cccc2ccccc12)NCC1(c2ccccc2)CCOCC1,0.04
Cc1c(NC(=O)N(C)CC(=O)Nc2ccccc2)cccc1[N+](=O)[O-],0.04
NC(=O)CN1CC2(CCC1=O)CC[NH+](Cc1ccnc3ccccc13)CC2,0.04
CN(C)c1ccc2nc([C@]3(N)CCOC3)[nH]c2n1,0.04
Cc1cccc(-c2cnc(C3CC[NH2+]CC3)nc2)c1,0.04
CC(C)C[NH+]1CCN(C(=O)N[C@H](C)c2cccc(-n3cccn3)c2)CC1,0.04
COC[C@H](NC(=O)c1cc(Cl)ccc1OC)c1ccc(F)c(F)c1,0.04
Cc1cnccc1-n1nc(-c2ccccc2)nc1[C@@H]1CC[NH2+]C1,0.04
C[C@H]1c2ccc(O)cc2OC(=O)[C@@H]1CC(=O)NCCC1=c2cc(F)ccc2=[NH+]C1,0.04
CCN(CC(=O)N1N=C(c2ccc(Cl)cc2)C[C@@H]1c1ccco1)Cc1nc2ccccc2c(=O)[nH]1,0.04
Cc1ccccc1NCN1C(=O)S/C(=C\c2ccc(I)cc2)C1=O,0.04
CCCC(=O)NC[C@@H]1CCC[NH+](Cc2ccc(N3CCOCC3)cc2)C1,0.04
COC(=O)COc1c(C)cc(C[NH+]2CCC(c3cnn(C)c3)CC2)cc1C,0.04
Cc1nc(C2CC[NH+](Cc3ccc(C)c(F)c3)CC2)n[nH]1,0.04
CCn1cc(NC(=O)C(=O)N[C@H](CO)c2ccc(Cl)cc2)ccc1=O,0.04
CC(C)c1ncc(SC[C@H](O)CO)c(C(=O)[O-])n1,0.04
Cc1nc(-c2ccccc2)c(NC(=O)c2ccc(C(C)(C)C)cc2)s1,0.04
O=C1COc2ccc(NC(=O)C3CCOCC3)cc2N1,0.04
CCN1C[C@@H](C(=O)N2CC(Oc3ccccc3F)C2)CC1=O,0.04
CSCC[C@@H](NC(=O)C1=Cc2cc(Cl)ccc2OC1)c1nc2ccccc2[nH]1,0.04
CN(C)c1ccc(/C=C2/SC(=S)N(c3ccccc3F)C2=O)cc1,0.04
CC/C=C(/C)C(=O)N1CSC[C@@H]1C(=O)Nc1ccc2c(C)n[nH]c2c1,0.04
O=C1CC[C@@H](C(=O)Nc2cccc3ccncc23)CN1,0.04
C[C@H]([C@H](C)S(C)(=O)=O)N(C)C(=O)c1sc2ccccc2c1Cl,0.04
C[C@H](NC(=O)N(C)CCCc1cc(-c2ccccc2)n[nH]1)c1ccccc1,0.04
COCCNC(=O)c1ccc(SC)c([N+](=O)[O-])c1,0.04
C[C@@H](Sc1ccccn1)C(=O)N/N=C1\C(=O)Nc2ccccc21,0.04
C[C@H](c1cccc(-c2ccc[nH]c2=O)c1)[NH+]1CCCC1,0.04
C[C@H](c1ccc(-n2cncn2)cc1)[NH+](C)CC(=O)N1CCC[C@@H]1c1ccc2c(c1)OCCO2,0.04
Cc1cccc(CC(=O)N2CCCC[C@@H]2c2c(-c3onc(C)c3C)cnn2C)c1,0.04
Cc1cccnc1Nc1ncnc(N2CCN(c3cccc(C)c3C)CC2)c1N,0.04
O=[N+]([O-])c1ccc(O)c2c1[C@H]1C=CC[C@@H]1[C@@H](c1ccc(Br)cc1)N2,0.04
CSc1ccc(C[NH+](C)CC(=O)N2CCC[C@H](C(F)(F)F)C2)cc1,0.03
COc1cc([C@@H]2CC(c3ccccc3)=NN2c2ccccc2)cc(OC)c1OC,0.03
O=C(C[NH+]1CCC[C@H]1Cn1cccn1)Nc1ccc2[nH]c(=O)[nH]c2c1,0.03
CC1CCC(N(C[C@H]2CCCO2)C(=O)Nc2ccc3c(c2)COC3)CC1,0.03
C[C@@H](CO[C@H]1CCOC1)NC(=O)C[C@H](O)c1cc(Cl)cc(Cl)c1,0.03
CC(C)(C)C1CC[NH+](c2ncc(N)cc2Br)CC1,0.03
CCc1cc2c3c([nH]c2cc1S(=O)(=O)NCC[NH+]1CCc2ccccc2C1)CC(C)(C)CC3=O,0.03
Cc1[nH+]ccn1CC1(Cn2cc(-c3ccc4occc4c3)nn2)CC1,0.03
CCCCCCNc1cnn(-c2ccccc2)c(=O)c1Cl,0.03
O=C(N[C@H](c1ccc(F)cc1)[C@@H]1CCCO1)C1=NO[C@H](c2ccccc2)C1,0.03
COc1ccc(Br)cc1/C=C/C(=O)Nc1ccc(F)cc1,0.03
Cc1c(O)n[nH]c1C(=O)NN=Cc1ccc(Cl)cc1Cl,0.03
Cc1cc(C[S@@](=O)[C@@H](C)C(=O)NCc2ccc(F)cc2)on1,0.03
O=c1c2ccc(F)cc2ncn1CCOCCOc1ccccc1,0.03
CCCc1c(-c2ccc(Cl)s2)n[nH]c1N,0.03
Cc1ccc(CNC(=O)N2CCC[C@@H](C)CC2)c(OC[C@H]2CCOC2)c1,0.03
COC(=O)c1ccc(/C=C(/C#N)C(=O)Nc2ccc(C)cc2)o1,0.03
Cc1cc(N(C)c2ccccc2)c([C@H](C)[NH3+])cc1F,0.03
Cc1nccn1CC[NH+](C)CCC1CCN(c2cc[nH+]cc2)CC1,0.03
CC(C)COc1ccccc1NC(=O)N[C@H](C)c1nnc2ccccn12,0.03
C[C@H]1CCO[C@H]1C(=O)NCc1ccc(N2CC[NH+](CC3CC3)CC2)cc1,0.03
Cc1cc(=O)[nH]c(/N=C(/N)Nc2ccc(SC(F)F)cc2)n1,0.03
Cc1ccnc2nc(C(=O)Nc3ccc(C#N)c(C(F)(F)F)c3)nn12,0.03
COc1ccc(N[C@H]2CCCS[C@H]2C)cc1OCCO,0.03
CN(CC(F)(F)F)C(=O)CSc1nnc(-c2ccccc2)c2ccccc12,0.03
Cc1nc2n(n1)[C@H](C(=O)Nc1ccc(C)c([N+](=O)[O-])c1)CC(=O)N2,0.03
Cc1nc(C(C)C)sc1C(=O)N(Cc1cccs1)[C@H]1CCS(=O)(=O)C1,0.03
O=C(Nc1cccc2ccccc12)C1CCN(S(=O)(=O)c2ccc(N3CCCC3=O)cc2)CC1,0.03
Cc1ccccc1C1=N/C(=C\c2ccc(N(C)C)cc2)C(=O)O1,0.03
COc1ccc(-c2noc(C[NH+]3CCC[C@@H](Cc4[nH+]ccn4C)C3)n2)cc1,0.03
O=C(c1ccc(NC2CC2)nc1)N(CC1CCCCC1)C1CC1,0.03
COc1ccc([C@H]2C/C(=C3\C(=O)NC(=O)N(c4ccccc4OC)C3=O)NN2C(C)=O)cc1,0.03
C=CCn1c([C@@H]2S[C@@H]3N=C4CCCN4C(=O)C3=C2C)n[nH]c1=S,0.03
C[NH+](CC1CCCC1)C[C@@H](O)COc1ccccc1F,0.03
CN(C)c1ccc(NC(=O)NCc2cc(=O)[nH]c3ccccc23)cc1,0.03
C[C@@H]([NH2+][C@H]1CCCc2cccnc21)c1cccs1,0.03
NC(=O)[C@H]1CCCC[C@@H]1NC(=O)Nc1ccccn1,0.03
COCCNC(=O)[C@@H]1CC[C@@H](C)N(C(=O)c2ccc(C)c(F)c2)C1,0.03
COc1c2c(c(C)c3c1C(=O)OC3)O[C@@]1(C)C[C@H](O)[C@]34O[C@](OC)(OC3(C)C)[C@H](O)C[C@]4(C)[C@@H]1C2,0.03
CCCCN(CCO)C(=O)N[C@@H]1c2cccc(F)c2CC[C@H]1C,0.03
O=C(CSc1nc2cc(Cl)ccc2[nH]1)Nc1ccc(Br)cn1,0.03
C[C@H](C(=O)Nc1cccc2ncccc12)[NH+]1CCN(c2ccccc2O)CC1,0.03
C[C@H]1CCC[C@@](CNc2cc(-n3ccnc3)ncn2)([NH+](C)C)C1,0.03
C[C@@H](CNC(=O)N(C)[C@@H](C)Cc1cccs1)Cn1cccn1,0.03
COc1ccc2sc(OC3CCN(C(=O)c4cc(-c5ccco5)n[nH]4)CC3)nc2c1,0.03
COC[C@@H]1CCN(C(=O)Nc2ccc3c(c2)Nc2ccccc2CC3)C1,0.03
C=C[C@@H](C)Oc1cnc2ccccc2c1C(=O)[O-],0.03
Cc1cc(OCCCc2ccncc2)ncc1N,0.03
Cc1cccc([C@H]2c3cccn3CCN2C(=O)CCC(=O)NCc2cccc(C(F)(F)F)c2)c1,0.03
CCC(=O)Nc1ccc(S(=O)(=O)[N-]c2ccc(Cl)c([N+](=O)[O-])c2)cc1,0.03
Cc1cccc(-c2ocnc2C(=O)NC2CC2)c1,0.03
O=C(Cn1ccc(=O)[nH]c1=O)N1CC[NH+](Cc2ccccc2)C[C@@H](O)C1,0.03
C[C@@]1(c2nc(-c3ccc(F)cn3)no2)CCC[NH2+]1,0.03
C[C@@H]1CCc2c(F)cccc2[C@H]1NC(=O)NCCc1cccnc1,0.03
C[C@@H](Sc1nnc(-c2ccccc2Cl)n1C)C(=O)NCC(=O)Nc1ccc(F)c(F)c1F,0.03
COc1ccccc1C(=O)NNc1ncnc(N2CCCCC2)c1[N+](=O)[O-],0.03
Cc1nc(CNC(=O)c2ccccc2OC2CCN(S(C)(=O)=O)CC2)cs1,0.03
COc1nccc(N[C@H]2CC(=O)N(CC(C)(C)C)C2)c1C#N,0.03
COc1ccc(-c2csc(CNC(=O)C3C[C@H](C)O[C@@H](C)C3)c2)cc1,0.03
COc1cccc(Oc2ccc(NC(=O)NCc3ccccn3)cc2)c1,0.03
O=C(NCc1ccc(Cn2cccn2)cc1)c1cncn1-c1ccc(F)cc1,0.03
CCOC(=O)/C=C/C(=O)Nc1ccc(Cl)c(Cl)c1,0.03
COC1CC[NH+](C[C@@H](O)COc2cccc(Br)c2)CC1,0.03
Cc1ccccc1C(=O)N[C@@H](C(=O)NNc1cccnc1Cl)C(C)C,0.03
O=C([C@H]1COc2ccc(F)cc2C1)N1CCC[C@@H]1c1ccc(F)cc1,0.03
COc1cccc(/C=C2/SC(=S)N(c3cc(C(=O)[O-])cc(C(=O)[O-])c3)C2=O)c1OC,0.03
CS(=O)(=O)CCOc1ccc(Cl)cc1NC1CCSCC1,0.03
NC1=NC(=O)[C@@H](CC(=O)N[C@H]2CCc3ccc(F)cc32)S1,0.03
COc1ccc(C(=O)N(C)C)cc1NCC(=O)N[C@@](C)(C#N)C1CC1,0.03
Cc1cc([C@@](C)(O)CNc2cnccc2C#N)c(C)o1,0.03
S=C(NCc1ccco1)Nc1ccn(C23CC4CC(CC(C4)C2)C3)n1,0.03
O=C(Nc1nc(-c2cccnc2)cs1)c1ccccc1C(F)(F)F,0.03
Cc1cccc(NC(=O)N2CCC3(CCC(=O)N(C[C@H]4CCCO4)C3)CC2)c1C,0.03
CCNc1cc(C(C)C)nc(-c2cscc2C)n1,0.03
O=C(Nc1ccc2c(c1)OCO2)[C@H]1CCCC[C@H]1c1nc2ccccc2s1,0.03
Fc1ccc(CN(Cc2ccnn2[C@H]2CCCCO2)C[C@@H]2CCCO2)cc1,0.03
C/C(=C/c1cccc(Cl)c1)C(=O)N1CCCC[C@@H]1CCO,0.03
N/C(=N\O)[C@H](CSc1ccncc1)c1ccccc1,0.03
CC[NH+](CC)C(C)(C)[C@@H](O)c1cccc2ccccc12,0.03
CC[C@@H](NC(=O)C(=O)Nc1cccc(C(F)(F)F)c1)c1ccc(C)cc1,0.03
CC(C)c1cc(CN(C)C(=O)c2ccc3nc(-c4ccccc4)cn3c2)no1,0.03
Cc1ccc(/C=N\NC(=O)[C@@H]2COc3cc4ccccc4cc3O2)c(O)c1,0.03
CCc1nn(-c2ccc(OC)cc2)c(O)c1C1=C(N2CCOCC2)C(=O)N(c2ccc(F)cc2)C1=O,0.03
Cc1ccc(C)c(-n2nnnc2Sc2cccc(Cl)c2C#N)c1,0.03
Cc1cc(C(F)(F)F)n2nc([C@H]3CCCCN3C(=O)[C@H](C)n3nccc3C)cc2n1,0.03
NC(=O)NC(=O)CNc1cccc(F)c1,0.03
COc1ccc(C(=O)OCc2nncn2C2CC2)cc1-c1ccccc1,0.03
CCc1noc(CC)c1CC(=O)Nc1cccc2c1CCCC2,0.03
C[C@@H](NC(=O)CN1C(=O)N[C@@](C)(c2cccc3ccccc23)C1=O)c1ccc(Br)cc1,0.03
CC(C)C/N=C1\NC(=O)[C@@H](CC(=O)Nc2cccc(Cl)c2Cl)S1,0.03
CCCN1CC(=O)N2[C@@H](c3ccc(Cl)cc3)c3[nH]c4ccccc4c3C[C@H]2C1=O,0.03
COc1ccc([C@@](C)([NH3+])Cc2[nH+]ccn2C)cc1,0.03
Cc1nn(-c2ccc([N+](=O)[O-])cc2)c(C)c1C(=O)NCc1ccco1,0.03
CCOc1cccc(C[NH+]2CCCN(C3CCOCC3)CC2)c1O,0.03
O=C(c1ccc2ccnc(N3CCN(c4ccccc4F)CC3)c2c1)N1CCCCCC1,0.03
CC(=O)N1CCC[C@H]1[C@@H]1CCC[NH+]1Cc1noc(-c2ccccc2)n1,0.03
O=C(Cc1ccc2c(c1)CCC2)Nc1nc2c(s1)C[NH+](Cc1ccccc1)CC2,0.03
C[C@@H](CCc1cccn1C)NC(=O)Nc1ccnc(C(=O)N(C)C)c1,0.03
O=C(NCc1ccc(N2CC[NH+](CC3CC3)CC2)cc1)[C@H]1CCn2cc[nH+]c2C1,0.03
Cc1n[nH]c(C)c1C[C@@H](C)C(=O)N1CCC(c2ccc(F)cc2)CC1,0.03
C=CCOc1ccc(N)c([N+](=O)[O-])c1,0.03
COc1cccc(C2(CNC(=O)c3cc(C#N)cn3C)CCCC2)c1,0.03
C[C@H](NC(=O)CN(C)S(C)(=O)=O)c1ccc(-n2cccn2)cc1,0.03
O=C([O-])[C@H]1CC[C@@]2(CC[NH+](C3CC3)C2)C1,0.03
O=C(Nc1cnn(-c2ncccn2)c1)Nc1ccc(Cl)cc1Cl,0.03
Cn1cc(C(=O)C[C@H]2CCCN2S(=O)(=O)c2ccc3c(c2)C(C)(C)C(=O)N3)cn1,0.03
c1cncc(CN2CCc3[nH]c[nH+]c3[C@H]2c2cccn2-c2nccs2)c1,0.03
CN(C)S(=O)(=O)c1ccc(/C=C/C(=O)N2Cc3ccccc3-c3ccccc3C2)cc1,0.03
CCO[C@@H]1CCC[NH+](Cc2nc(-c3ccc(F)cc3)no2)C1,0.03
O=[S@@](C[C@H]1CC[NH2+]C1)c1ncc(Cl)cn1,0.03
Cc1cnoc1-c1ccc(C#N)cc1,0.03
Cc1ccc([C@@H]([NH3+])c2cc(C)c(Br)s2)o1,0.03
CCOc1ccc2[nH]c(C)c/c(=N\c3cccc(C(=O)[O-])c3)c2c1,0.03
Cc1occc1C(=O)NC1CC[NH+](Cc2cc(Cl)cc(Cl)c2O)CC1,0.03
Cc1cc(F)cc(N[C@@](C)(C(=O)[O-])c2ccc(O)cc2)c1,0.03
CCc1[nH]nc(-c2cc(OC)c(OC)c(OC)c2)c1NC(=O)c1cccs1,0.03
CC[C@@H](C(=O)N[C@@H](CO)c1ccco1)[NH+](C)C,0.03
COc1ccc2[nH]cc(C(=O)NCCCC(=O)NC(C)C)c2n1,0.03
CC(C)C[NH+](CCc1cnn(C)c1)C1CC1,0.03
C[C@H]1CCCC[C@@]12NC(=O)N(CC(=O)Nc1ccc3nc(N4CCOCC4)sc3c1)C2=O,0.03
O=C(Nc1ccc(-n2cncn2)c(Cl)c1)C(=O)N[C@@H]1CC=CCC1,0.03
O=C(NCc1ccccc1CO)C(=O)Nc1cc(F)ccc1F,0.03
Cc1ccc2[nH]cc(CCC(=O)Nc3ccnc(N(C)C)n3)c2c1,0.03
C[C@@H]1CN(c2ccc(NC(=O)NCc3ccncc3)cc2)C[C@@H](C)O1,0.03
O=C(CN1C(=O)CSc2ccccc21)Oc1ccc2[nH]ccc2c1,0.03
Cc1cc(NC(=O)C[C@@H](C)[NH2+]CC2(C(C)C)CC2)no1,0.03
COc1ccc(F)cc1-c1csc(NC(=O)c2cc3c(F)cccc3n2C)n1,0.03
C[C@H](C(=O)NC1CCCC1)[NH+](C)Cc1cccc(C(F)(F)F)c1,0.03
COC(=O)[C@]1(F)CCN(C(=O)CSc2ccc3c(c2)CCC3)C1,0.03
CSc1nnnn1-c1cccc(NC(=O)c2cc(Cl)c[nH]2)c1,0.03
O=C(NCc1csc(=O)[nH]1)[C@H]1CCN(c2ccc(Cl)cc2)C1=O,0.03
CC(C)=C1Oc2c(ccc(OC(=O)Cc3ccccc3)c2C)C1=O,0.03
Cc1c(F)cccc1NC(=O)N1CCC[NH+](Cc2ccc(F)cc2)CC1,0.03
C[C@@H]1CCCC[NH+]1CCCNC(=O)Cn1ncc2c(Cl)cccc21,0.03
Cc1cc(F)cc(C(=O)Nc2ccc(C(=O)NCC(C)C)c(Cl)c2)c1,0.03
CC[C@H]1CC[C@@H](c2noc(-c3cn(C4C[NH2+]C4)nn3)n2)C1,0.03
C[C@H]1[NH+]=c2ccc(OC(F)(F)F)cc2=C1CCN1C(=O)c2ccc(C(=O)[O-])cc2C1=O,0.03
O=C(Nc1ccc(C(F)(F)F)cc1)c1cc(-c2cccc(Cl)c2)[nH]n1,0.03
COC(=O)[C@H]1Cc2c([nH]c3ccccc23)[C@@H](c2ccccc2[N+](=O)[O-])N1,0.03
COc1cccc(CN(C)C(=O)C[C@](O)(c2nccn2C)C(F)(F)F)c1,0.03
O=C(Nc1ccc2c(c1)COC2)N1CC[C@H](O)C1,0.03
O=C(Nc1ccc(OC(F)(F)F)cc1)c1ccc2nccnc2c1,0.03
Cc1ccc([C@H](C)[NH2+][C@@H](c2nc(C3CC3)no2)C(C)C)cc1F,0.03
Cc1nnc2ccc(C(=O)N[C@@H](C)c3noc(Cc4ccccc4)n3)cn12,0.03
COc1ccc([C@H]2Nc3nonc3NC3=C2C(=O)C[C@H](c2cccs2)C3)c(OC)c1,0.03
O=C(c1nccnc1-c1nc2ccccc2s1)N1CCN(S(=O)(=O)/C=C/c2ccccc2)CC1,0.03
CC(=O)NC(=O)c1ccc(-c2ccc(Cl)cc2Br)o1,0.03
CC(C)(C)c1n[nH]cc1CNC[C@H](O)c1cccc(F)c1,0.03
COCCNC(=O)c1cc2sc(C)cc2n1Cc1ccccc1,0.03
Cn1ncnc1NC(=O)N1CCN(Cc2cn3ccccc3[nH+]2)CC1,0.03
COc1ccc([C@H](NC(=O)N2C[C@H]3CC=CC[C@H]3C2)C2CCOCC2)cc1,0.03
COc1cccc(C(=O)N(CC(=O)N2CCNCC2)C2CC[NH+](Cc3ccccc3)CC2)c1,0.03
C[C@@H]([NH2+]CCOc1ccc(Cl)cn1)c1ccc(N2CCC(O)CC2)cc1,0.03
N#C[C@@H]1CCCCN1Cc1cc(Cl)ccc1[N+](=O)[O-],0.03
Cc1nn(C)c2ncc(NC(=O)C(=O)N3CCC4(CCCCC4)C3)cc12,0.03
COC(=O)C1CCN(c2ncnc(NCc3ccc(OC)cc3)c2N)CC1,0.03
CCc1ccccc1NC(=O)C(=O)NC[C@H](c1ccc(F)cc1)N1CC[NH+](C)CC1,0.03
C/C(=N/Nc1nc(SCc2ccccn2)n[nH]1)c1cccnc1,0.03
C[C@@H]1CN(c2nc(Cl)nc(N)c2[N+](=O)[O-])C[C@H](C)O1,0.03
O=C(CN1CC[NH+](C/C=C/c2ccccc2)CC1)c1c[nH]c2ccc(F)cc12,0.03
Cc1ccc(N2C(=O)S/C(=C\c3ccccc3C)C2=O)c(C)c1,0.03
CCCNC(=O)c1cccc(NC(=O)C(=O)N2C[C@H]3CC=CC[C@@H]3C2)c1,0.03
Cc1cnc2c(S(=O)(=O)N(C)Cc3cnn(-c4ccccc4)c3)cccc2c1,0.03
C[C@@H](c1ccc(-n2cncn2)cc1)[NH+](C)C[C@@H]1CCCO1,0.03
CC(=O)N(/C=C1\Sc2ccccc2C1=O)N(C)c1ccccc1,0.03
CC(C)[C@]1(C)CC[NH2+]C[C@@H]1c1ccccc1F,0.03
O=C(Nc1cc(C(F)(F)F)ccc1Cl)[C@H]1CCCC[C@@H]1C(=O)OCCF,0.03
Cc1cc(CS[C@H](C)C(=O)Nc2cc(F)ccc2C)on1,0.03
C[C@]([NH3+])(CCc1cccs1)c1cc(F)cc(F)c1,0.03
O=C1[C@@H]2Cc3c([nH]c4ccccc34)CN2C(=O)CN1/N=C/c1c(Cl)cccc1Cl,0.03
O=[N+]([O-])c1cc(F)ccc1NC[C@@H](c1cccs1)[NH+]1CCCC1,0.03
CNC(=O)c1cccnc1N[C@@H]1C[C@H]2CC[C@@H]1O2,0.03
[O-][n+]1cccc2c1C(=C1CC[NH2+]CC1)c1ccc(Cl)cc1CC2,0.03
Cc1ccc(-c2nnnn2[C@H]2C/C(=N\NC(N)=S)[C@H]3OC[C@@H]2O3)cc1,0.03
COC(=O)Cc1ccc(CNc2cccc([S@](C)=O)c2)s1,0.03
CCc1cnc(C[NH+](C)Cc2cc(C)n(-c3nccs3)c2C)s1,0.03
CC[NH+](Cc1cc([O-])n2nccc2n1)[C@@H](c1ccccc1)c1ccc(F)cc1,0.03
CN(Cc1nnc(C2CC2)n1C)C(=O)NC[C@H](c1cccc(F)c1)[NH+](C)C,0.03
Cn1nccc1C(=O)N1CCOc2c(O)cc(-c3cccc(Cl)c3)cc2C1,0.03
COc1ccc2c(c1)CCN(S(=O)(=O)CCNC(=O)c1cc(OC)ccc1Br)C2,0.03
COc1cccc(S[C@H]2CC[C@@](C#N)(NC(C)C)C2)c1,0.03
Cc1nc(C(=O)Nc2ccc(F)cc2OCC2CC2)cs1,0.03
[NH3+]C[C@@H]1CCC[C@H]1Nc1ccc2nnnn2n1,0.03
Cc1ccc(CCCC(=O)NNc2cccnc2Cl)s1,0.03
CCc1ncc(C[NH+]2CC[C@@H](c3ccc4ccccc4c3)[C@H](O)C2)cn1,0.03
CCCC(=O)N1CCC[C@H](C(=O)N[C@H](CC)C[NH+]2CCCC2)C1,0.03
CNC(=O)c1cccc(-c2cnc(O)c(C(=O)[O-])c2)c1,0.03
COc1ccccc1CC(=O)Nc1nc(-c2ccc(F)c(F)c2)cs1,0.03
CC[C@@H]([NH2+]C[C@@H]1CCCN(c2ncccn2)C1)c1cc(F)ccc1F,0.03
O=C(CNC(=O)Cc1cccc(F)c1)NCc1nccc2ccccc12,0.03
Cc1[nH+]ccn1[C@@H]1CCC[C@H](O)C1,0.03
O=C1N[C@]2(COC3(CCN(C(=O)CCn4cccn4)CC3)C2)Nc2ccccc21,0.03
CC(C)Oc1c(Cl)cccc1NCc1nnc(C(C)(C)C)o1,0.03
Cc1sc(=O)n(CCC(=O)/N=c2\[nH]c3ccccc3n2C(C)(C)C)c1C,0.03
COc1ccc(-c2cnc(CN[C@@H](C3CCCC3)C(F)(F)F)o2)cc1,0.03
CSc1cccc(NC(=O)c2cc(S(=O)(=O)NC3CC3)c(Cl)cc2Cl)c1,0.03
CCc1noc(C)c1C(=O)Nc1sc2c(c1C#N)CC[C@@H](C)C2,0.03
C[C@H](NC(=O)[C@H](C)c1cccs1)c1ccccc1C(F)(F)F,0.03
Cc1cc(C(=O)Nc2sc3c(c2C(N)=O)CC[C@H](C)C3)ccc1[N+](=O)[O-],0.03
COC(=O)c1ccc(-c2noc(C[NH+]3CCCN(c4ccccc4)CC3)n2)cc1,0.03
O=C(Nc1ccc(S(=O)(=O)NC2CC2)cc1)c1ccncc1F,0.03
O=C(c1cc(Br)c[nH]1)N1CCN([C@H]2CCC[C@@H]2O)CC1,0.03
COc1ccc([C@H]2C[C@H](C)N(c3ccc(C(N)=O)nn3)C2)cc1,0.03
C[NH+](C)CCC1CC[NH+](Cc2cccc(-n3cccn3)c2)CC1,0.03
COc1ccc2c(c1)/C(=N/Nc1ccc(Cl)cc1Cl)C(=O)N2,0.03
CN(Cc1ccncc1)C(=O)CCNS(C)(=O)=O,0.02
O=C(CN1C(=O)c2cccc3cccc1c23)Nc1cccc(I)c1,0.02
C[C@H](C(=O)NC[C@@H]1C[C@H](O)C[NH+]1Cc1ccccc1)c1ccsc1,0.02
C[NH+](C)CCNc1ccc(S(C)(=O)=O)cc1,0.02
CCC[NH+](CCC[NH3+])[C@H]1CCOC2(CCOCC2)C1,0.02
Cc1nn(-c2ccc(Cl)cc2)c(C)c1C/C([O-])=N/c1ncn[nH]1,0.02
O=C1CCCC2=C1[C@@H](c1ccc3c(c1)OCO3)c1c(nn(-c3ccccc3)c1O)N2,0.02
C=CCn1c(C)nnc1S[C@@H](C(=O)Nc1ccc(F)cc1)c1ccccc1,0.02
O=C(Nc1ccc2c(c1)COC2)c1ccc(-n2cncn2)cc1,0.02
O=C(c1ccc(Br)o1)N1CC[NH+](Cc2ccccc2)CC1,0.02
Cc1cc(C)c(C(N)=S)c(N(C)CCS(C)(=O)=O)[nH+]1,0.02
COCc1cc(NC(=O)N2CC[C@@H](c3ccccc3)[C@@H](C)C2)ncn1,0.02
Cc1ccc(CSc2nnc(N/N=C/c3ccc(F)cc3)n2N)cc1,0.02
O=C(Nc1ccc(N2CCOCC2)cc1)C1CCN(S(=O)(=O)[C@H]2C=C[C@H]([C@@H]3C=CN=N3)O2)CC1,0.02
Cc1cc(C)c2[nH]c(C)cc(=O)c2c1,0.02
COc1ccc(O)c(C(=O)N(C)C[C@H]2CCC[NH+]2C)c1,0.02
CN(C[C@H]1CCCCO1)C(=O)c1cc2ccccc2c(=O)[nH]1,0.02
CNS(=O)(=O)c1ccc(N[C@@H](C)CCc2cccn2C)nc1,0.02
COc1ccc(S(=O)(=O)N2CCN(C(=O)c3cnn(-c4ccc(C)cc4)c3C)CC2)cc1,0.02
COc1ccc([C@H]([NH3+])c2ccc(F)cn2)c(C)c1,0.02
Fc1ccccc1[C@H]1Oc2ccccc2C2=Nc3nnnn3[C@H](c3cccnc3)[C@H]21,0.02
C[NH+](C)Cc1ccc(CNC(=O)[C@@H]2COc3ccccc3C2)cc1,0.02
O=Cc1cc(F)c(OCC(=O)N2CCCCCC2)c(F)c1,0.02
Cc1cc(C(=O)NCCc2nc3ccc(F)cc3[nH]2)ccc1F,0.02
N#Cc1ccc(C(=O)/C=C/c2cnc(-c3cccs3)s2)cc1,0.02
Cc1c(NC(=O)CSc2nnc(-c3cccnc3)n2C)cccc1[N+](=O)[O-],0.02
COc1cc2cc(C(=O)N3CCCC3)[nH]c2c(OC)c1OC,0.02
COC1CCN(C(=O)C(=O)Nc2cc(C(C)C)on2)CC1,0.02
Cn1nccc1C(=O)N1CC[C@@]2(CCCN(CC3CCC3)C2=O)C1,0.02
O=[S@@]1CCCNc2ccccc21,0.02
Cc1cc(CCCC(=O)Oc2cc(C(N)=O)ccc2C)c(C)s1,0.02
NC(=O)Cc1ccccc1NC(=O)Nc1cnn(CC[NH+]2CCCCC2)c1,0.02
C=CCn1c([S-])nnc1CSC1=NN[C@@H](c2ccccc2)N1C,0.02
COC(=O)[C@@H](OC(=O)c1ccsc1)c1cc(Cl)cc(Cl)c1,0.02
C[C@@H](c1ccco1)N(C)C(=O)NC[C@@H]1CCC[NH+](C)[C@@H]1c1cccs1,0.02
O=C(COc1ccc(F)cc1)Nn1cnc2sc3c(c2c1=O)CCCC3,0.02
Cc1cc(C(=O)Nc2ccc3ccccc3c2)c2ccccc2n1,0.02
C[C@H](Cc1cccs1)NC(=O)N[C@](C)(C(=O)[O-])C(F)(F)F,0.02
Cc1ccc(-c2ncco2)cc1NC(=O)CCS(C)(=O)=O,0.02
O=C(CNS(=O)(=O)c1ccccc1)N[C@@H](CO)C(=O)[O-],0.02
CCSCC[C@H](C)NC(=O)N1CCC(OC)CC1,0.02
O=C(Nc1ccncc1)N[C@H](CCO)C1CCCCC1,0.02
CC(=O)N[C@@H]1CCCN(C(=O)N[C@@H](C)c2cccc(-n3cccn3)c2)C1,0.02
COc1ccc([C@@H]([NH2+][C@H](C)c2ccc(F)cc2)C2CCOCC2)cc1,0.02
COc1ccc(C(=O)[C@@H](C)Sc2nc3nc(C)cc(C)n3n2)cc1,0.02
Cc1c(Cl)ccc2sc(N3CCN(C(=O)c4cc(Cl)ccc4[N+](=O)[O-])CC3)nc12,0.02
O=C(CNC(=O)c1ccsc1)N[C@@H]1CCCC[C@H]1OC1CCCC1,0.02
O=C(NCCO)[C@@H]1CCCN(c2c(-c3ccccc3)c3cc(Cl)ccc3[nH]c2=O)C1,0.02
CCN[C@H](c1cccnc1)C1([NH+]2CCCCC2)CCCC1,0.02
Cc1cc(N2CCOCC2)ccc1NC(=O)[C@@H]1CC(=O)N(C2CC2)C1,0.02
C[C@H](CNC(=O)c1ccn(-c2ccc(F)cc2)n1)Oc1ccccc1F,0.02
CCN(Cc1c(F)cccc1F)C(=O)NCCc1ccccc1[N+](=O)[O-],0.02
N#C[C@H](c1ccccc1)[C@@H]1CCC[NH+]1CCC(=O)Nc1cccc(F)c1,0.02
Cc1cccc(C)c1-n1nnnc1CSCc1nnc(C)n1C,0.02
COCCn1c(C)cc(/C=C(/C#N)C(=O)N[C@H]2CCCNC2=O)c1C,0.02
CC(C)NC(=O)c1cccnc1Oc1ccc(NS(=O)(=O)c2ccc(F)cc2)cc1,0.02
CC(C)c1noc(CCCC(=O)Nc2ccc(N3CCO[C@@H](C)C3)cc2)n1,0.02
COc1ccccc1Oc1ncccc1CNC(=O)[C@H]([O-])C(F)(F)F,0.02
O=C(c1ccno1)N1CCN(c2ccc(-c3noc(C4CC4)n3)c[nH+]2)CC1,0.02
COC(=O)[C@H](NC(=O)C[C@@H](C)C(C)C)c1ccc(C)cc1,0.02
O=C([O-])CC/C(=N\NC(=O)c1ccccc1Br)c1ccccc1,0.02
CC[C@@H](NC(=O)[C@@H](C)n1cc(Cl)cn1)c1ccc(OC)cc1,0.02
COCCOc1cc(C)ccc1NC(=O)c1nc(-c2ccccc2)cs1,0.02
N#CC1(C(=O)NCc2nc3ccc(F)cc3[nH]2)CCC1,0.02
CCOC(=O)[C@H](c1ccc(Cl)cc1)N1CCN(C(=O)c2ccc3ccccc3n2)CC1,0.02
CC[NH2+]Cc1c(C)nn(C)c1N1CCC(O)CC1,0.02
COc1ccccc1C(C)(C)NC(=O)/C=C/SCc1ccco1,0.02
CC(C)c1noc([C@@H](C)SCc2nc(-c3cccs3)no2)n1,0.02
O=C(NCCCc1n[nH]c(=O)[nH]1)c1cc(C2CC2)nc2ccc(F)cc12,0.02
Cc1ccc(C(=O)Nc2ccc3nc(S(=O)(=O)CC(C)C)sc3c2)cc1F,0.02
Cc1ccc2c(c1)C1(OCCO1)C(=O)N2CCBr,0.02
N#Cc1ccc(Sc2ccccc2Cl)nc1,0.02
CCOC(=O)C1(C)CC[NH+]([C@@H]2CCN(CC(F)(F)F)C2=O)CC1,0.02
Cc1ccc(CC(=O)N[C@@H]2[C@@H]3Cc4ccccc4[C@@H]32)cc1O,0.02
COc1ccc(C[C@@H]([NH3+])C2CCCCC2)cn1,0.02
NS(=O)(=O)c1ccc([N-]S(=O)(=O)CCc2ccccc2)cc1F,0.02
CS(=O)(=O)N(Cc1ccc(Cl)cc1)Cc1nc(C(=O)[O-])cc(=O)[nH]1,0.02
C[NH+]1CCC(Cc2noc(Cn3ccc(=O)[nH]c3=O)n2)CC1,0.02
CCc1cc(C(F)(F)F)n2nc([C@H]3CCCCN3C(=O)Cn3nc(C)cc3C)cc2n1,0.02
CC[C@@H](CCO)NS(=O)(=O)c1ccc(Br)cn1,0.02
CCN(CC)C(=O)N1CCN(Cn2nc(-c3cccs3)n(C3CC3)c2=S)CC1,0.02
c1ccc(C[C@H]2c3[nH+]c[nH]c3CCN2Cc2cccn2-c2ncccn2)cc1,0.02
Cc1csc(N(C)C(=O)[C@@H](C)N2C(=O)[C@H]3CCCC[C@@H]3C2=O)n1,0.02
CCOc1cc(CNc2nc[nH+]c3nc(N)ccc23)ccn1,0.02
CCCc1nn(C)c2c1nc(CCl)n2C[C@@H](C)[NH+](C)C,0.02
Cc1cc(C(=O)N(Cc2ccco2)c2ccc(F)cc2F)no1,0.02
C[NH+](C)CCSCc1cccc(C#CCCO)c1,0.02
Cc1cc(C)c2nc(N[C@@H]3OC(=O)c4ccccc43)sc2c1,0.02
Cc1cc(N(CCC#N)C(=O)CN(C)[C@H](C)c2ccncc2)ccc1Cl,0.02
Cc1c(NC(=O)C2C[C@H](C)O[C@@H](C)C2)cccc1C(=O)N1CCCC1,0.02
CC[NH+]1CCN(C(=O)N[C@@H](C)c2ccc(F)c(F)c2)CC1,0.02
O=C(CSCc1coc(-c2cccc(F)c2)n1)NCc1ccco1,0.02
CCC(C)(C)c1nnc(NC(=O)c2ccc(NC(=O)Cc3ccccc3)cc2)s1,0.02
Cc1cncc(C(=O)Nc2cnn(-c3ccccc3)c2)c1,0.02
COc1ccc2c(c1OC)C(=O)O[C@H]2N1C(=O)CC[C@H]1C(=O)Nc1cc(Cl)c(Cl)cc1Cl,0.02
COc1ccc(-n2c3c(c(=O)[nH]c2=O)CN(Cc2cccnc2)CN3)cc1,0.02
CCNC(=O)N1CCc2ccc(NS(=O)(=O)c3ccc(OC)c(Cl)c3)cc21,0.02
CCCNC(=O)c1cccc(CNC(=O)NNc2ccccc2Cl)c1,0.02
FC(F)(F)c1cccc(OCCN2CC[NH+](Cc3ccccc3)CC2)c1,0.02
CC(=O)c1c(C)cc(C)c(CNc2ccccc2NC(=O)C[C@H]2C=CCC2)c1C,0.02
Cn1cc(NC(=O)[C@H](Cc2ccccc2)NC(=O)OC(C)(C)C)ccc1=O,0.02
CCCOc1ccc(C(=O)OC)c(F)c1,0.02
C[C@@H]([C@H](C)S(C)(=O)=O)N(C)C(=O)CCCc1c[nH]c2ccccc12,0.02
CC(C)(C)[C@H](OC(=O)[C@@H]1CCc2cn[nH]c2C1)C(F)(F)F,0.02
Cc1cc2c(cc1C)[C@@H](O)CC1(CC[NH+](C[C@@H](O)c3ccc(Br)cc3)CC1)O2,0.02
COC(=O)c1c(SCC(=O)Nc2cc(C)ccc2C)[nH]c2cc(C(=O)[O-])ccc2c1=O,0.02
COC(=O)[C@@H](NC(=O)[C@H]1Oc2ccccc2[C@H]1C)c1ccc(F)c(F)c1,0.02
O=C(NC1CC[NH+](Cc2cccc(O)c2)CC1)[C@H]1CCOc2ccccc2C1,0.02
Cc1csc(C(C)(C)NC(=O)NCCCC(C)(C)CO)n1,0.02
Cc1cc(OCn2ccc(C(=O)Nc3cccnc3Cl)n2)ccc1Cl,0.02
CO[C@@]1(C)C[C@H](NC(=O)NCc2ccnc(OCC(F)F)c2)C1(C)C,0.02
CC(C)(C)OC(=O)NC[C@@H]1CCCN1C(=O)c1ccnc(Cl)c1,0.02
COc1ccc(C2=C/C(=C\c3ccc(N(C)C)c(Br)c3)C(=O)O2)cc1,0.02
O[C@@H](CN[C@H]1CCc2sc(Cl)cc21)c1ccncc1,0.02
COC(=O)C1=CN(c2ccc(C)c(F)c2)c2ccc(F)cc2S1(=O)=O,0.02
CCC[NH+](C)C[C@@H]1CCN(C(=O)c2ccc(C)c(Cl)c2)C1,0.02
Cc1nccn1-c1ccc(CNC(=O)NCC(C)(C)C(N)=O)cc1F,0.02
CCOc1ccc(N[C@@H](C)c2ccsc2)cn1,0.02
COCCN/C(CC12CC3CC(CC(C3)C1)C2)=[NH+]\N,0.02
COc1ccc(CNc2ncnc(Nc3ccccc3C)c2N)cc1,0.02
Cn1ccc(CN(CCc2ccccc2)S(=O)(=O)c2ccc(Cl)cc2)n1,0.02
CCOc1ccc(CC(=O)N2CCC[C@H](c3cc(C(F)F)n4ncnc4n3)C2)cc1,0.02
CC1=C(C(=O)N2CCCCC2)[C@H](c2cccc(O)c2)C2=C(CC(C)(C)CC2=O)N1,0.02
CCc1nn(C)c(OC)c1CNc1cc(C#N)nc2ccccc12,0.02
COCc1ccc(C(=O)Nc2cc(F)c(OC)cc2OC)o1,0.02
O=C(CCCc1nc2ccccc2s1)Nc1ccc2c(c1)COC2,0.02
CC(C)[C@H]([NH2+]C[C@H]1CCCS1(=O)=O)c1ccc(Cl)c(Cl)c1,0.02
S=c1[nH]nc(C2CC2)n1CCNc1nc(-c2cccnc2)nc2sc3c(c12)CCCC3,0.02
N#Cc1c(F)cccc1[C@@](C#N)(c1ccccc1)[NH+]1CCOCC1,0.02
C[C@](NC(=O)N1CCC[NH2+]CC1)(C(=O)[O-])C(F)(F)F,0.02
Cc1nc([C@H](N[C@H](C)Cc2ccc(Cl)cc2)c2ccccc2)n[nH]1,0.02
CCn1cc(C(=O)N2CCCSc3ccccc32)cn1,0.02
Cc1ccccc1/C=N/n1c(-c2ccccc2C)n[nH]c1=S,0.02
NC(=O)c1ccc(C(F)(F)F)nc1N[C@@H]1CC[NH2+]C1,0.02
O=C(CCN1CCCC1=O)N[C@H]1CCCc2c1cnn2-c1ccc(F)cc1F,0.02
CCCn1ccc2cc(NC(=O)c3sccc3S(=O)(=O)N3CCCCC3)ccc21,0.02
C/C(Nc1ccc(C(=O)[O-])c(O)c1)=C1/C(=O)O[C@H](C)C1=O,0.02
CCC[C@H]1C[C@]1(O)Cc1c(F)cccc1Cl,0.02
Cc1noc(C)c1S(=O)(=O)N1CCN(C(=O)[C@@H](C)Nc2ncnc3sc(C)c(C)c23)CC1,0.02
C[C@@H](C#N)Nc1ccccc1CCC(F)(F)F,0.02
O=C(NCc1cc(-c2cc3ccccc3o2)on1)c1ccc2[nH]cnc2c1,0.02
Cc1cccc(C)c1NC(=O)C[NH+]1CCCC1,0.02
Cc1csc([C@@H](C#N)C(=O)[C@H](C)SCc2ccccc2)n1,0.02
[NH3+]C[C@@H]1CCC[C@@H]1NC(=O)c1cc(C(F)(F)F)ccc1F,0.02
CCN(CC(C)(C)[C@@H](C)[NH2+]C)c1cccc2ccccc12,0.02
COC(=O)[C@@H](CNC(=O)Nc1ccsc1)Oc1ccc(F)cc1,0.02
CN(C[C@H]1CC[NH+](Cc2ccccc2)C1)C(=O)N[C@H]1CCCC1(C)C,0.02
[NH3+]CC1(O[C@@H]2CCOC3(CCC3)C2)CCOCC1,0.02
O=C1CN(Cc2cc(C[NH+]3CCCCC3)cs2)CCN1c1ccccc1,0.02
COc1ccc(OC)c(/[NH+]=c2\oc3ccccc3cc2C(=O)Nc2ccc(C)cn2)c1,0.02
Cn1c(C(=O)Nc2ccccc2Br)cc2c(F)cccc21,0.02
COc1ccc([C@H]2Nn3c(nnc3-c3ccccc3)S[C@@H]2C(=O)Nc2ccc(C)cc2)cc1,0.02
CNC(=O)c1ccc(NC(=O)N[C@@H]2C[C@@H]3CCCc4cccc2c43)cc1,0.02
CCN(CC)c1ccc([C@H]2C(C#N)=C(N)OC3=C2C(=O)C[C@@H](c2ccccc2)C3)cc1,0.02
CN(C)C(=O)Cc1ccc(NC(=O)Cn2cnc3ccccc3c2=O)cc1,0.02
O=C(Cc1noc2ccccc12)NCc1n[nH]c(=O)c2ccccc12,0.02
C[C@@H]1CC=C(c2csc(NC(=O)CSCC3=NC(=O)C4=C5CCC[C@H]5SC4=N3)n2)S1,0.02
C[NH+](C)[C@H](CNC(=O)c1c(Cl)cccc1Cl)c1ccc(F)cc1,0.02
COC(=O)c1c[nH]c(-c2ccc(OC)c3ccccc23)n1,0.02
N#C[C@@H]1CCCO[C@H]1c1ccccc1OC(F)(F)F,0.02
C[NH+](CC(=O)Nc1ccccc1C#N)Cc1cnn(-c2ccccc2)c1,0.02
CCN(Cc1ccccc1C)C(=O)NC[C@@H]([C@H]1CCOC1)N1CCOCC1,0.02
Oc1ccc(Br)cc1/C=N/c1cccc(F)c1,0.02
Clc1ccc(C[NH+]2CCc3nc(-c4ccccn4)nc(N4CCCCCC4)c3C2)s1,0.02
CC(=O)NCCCCCC(=O)N(C)[C@H]1CCc2ccccc2C1,0.02
CO[C@]1(C)C[C@H](NC(=O)CNC(=O)c2ccc(F)cc2F)C1(C)C,0.02
CCC(C)(C)C(=O)NC[C@@H](C)Oc1ccccc1C,0.02
NC(=O)c1cccc(CNC(=O)CSc2nc3ccccc3o2)c1,0.02
CCOc1ncnc(N[C@@H]2C=C[C@H](C(=O)[O-])C2)c1C,0.02
CC(C)c1nn(C)c(Cl)c1C(=O)Nc1ccc([S@@](C)=O)cc1,0.02
COC(=O)c1ccc(NC(=O)N2CCc3nc[nH]c3[C@@H]2c2cccc(OC)c2OC)cc1,0.02
Cc1c(C(=O)Nc2ccc3nc(-c4cc(F)ccc4F)[nH]c3c2)[nH]c2c1C(=O)CCC2,0.02
N#C/C(=C\c1ccc(OC(=O)/C=C/c2ccco2)cc1)c1nc([O-])c2ccccc2n1,0.02
CCCNC(=O)c1ccc2c(c1)[C@H]1C=CC[C@H]1[C@@H](c1cccnc1)N2,0.02
Nc1ccc2nc(Sc3nc4ccccc4s3)sc2c1,0.02
NC(=[NH2+])c1ccc(OCc2cccc(O)c2)c(Cl)c1,0.02
O=C(NNc1cnccn1)C1CCC(F)(F)CC1,0.02
N#Cc1cccc(COc2cccc(NCc3nnc(C4CC4)o3)c2)c1,0.02
Cn1cnc(S(=O)(=O)N[C@H]2CCCOc3c2ccc2ccccc32)c1,0.02
CCc1nn(C)c(NC[C@@H]2C[C@@H]2c2ccccc2)c1[N+](=O)[O-],0.02
Cc1ccc([C@H]2Nc3ccc(S(=O)(=O)N(C)C)cc3[C@H]3C=CC[C@H]32)s1,0.02
CC(C)CN(C(=O)NC(=O)CCCC(=O)[O-])C1CCCC1,0.02
CC(=O)c1cccc(NC(=O)C(=O)N2C[C@@H](C)O[C@@H](c3ccccc3)C2)c1,0.02
C[C@@H](C(=O)OCC(=O)N1CCCCC1)N1C(=O)c2ccccc2C1=O,0.02
Cc1ccc(NC(=O)[C@H]2CC(=O)NC3=NC(SCc4cccc(Cl)c4)=NC(=O)[C@@H]32)cc1C,0.02
CC[C@@H]1CCC[NH+]([C@@H]2CCC(C)(C)[C@@H]2N)CC1,0.02
Cc1nc(-c2ccc(CNC(=O)c3ccccc3)o2)cs1,0.02
CCN(CC)S(=O)(=O)c1cc(C)c2[nH]c(=O)cc(C)c2c1,0.02
COc1ccc([C@@H]2c3c(nc(N4CCC(Cc5ccccc5)CC4)[nH]c3=O)NC(=O)[C@@H]2C#N)cc1OC,0.02
CN1CCN(C(=O)c2cc(-c3ccccc3O)n[nH]2)[C@H]2CS(=O)(=O)C[C@H]21,0.02
Cc1csc([C@@H](C#N)C(=O)c2ccc(Cl)c(S(C)(=O)=O)c2)n1,0.02
CSCCn1/c(=N/C(=O)C2=COCCO2)sc2cc(C)ccc21,0.02
Cc1oc(-c2cccc(Oc3ccccc3)c2)nc1C[NH+]1CCC(CO)CC1,0.02
CCn1c(C2CCN(C(=O)C[C@@H]3C(=O)Nc4c(C)cccc43)CC2)n[nH]c1=O,0.02
Cc1ccn2cc(CSC(=S)N3CCOCC3)nc2c1,0.02
O=S(=O)(Cc1coc(-c2cccc(Cl)c2)n1)Cc1cc2c(cc1Br)OCCO2,0.02
O=C(Nc1nc[nH]n1)C1CCN(c2nc3ccccc3s2)CC1,0.02
Cc1ccc(C(=O)Nc2cccc(S(=O)(=O)N(C)c3ccccc3)c2)c(=O)[nH]1,0.02
COc1ccc(/C=N/Nc2[nH]c(=O)nnc2C)cc1,0.02
CN(CC[NH+](C)C)C(=O)c1csc(I)c1,0.02
c1cc(C[NH2+][C@@H]2CCCC[C@@H]2OC2CCCC2)n[nH]1,0.02
COc1ccccc1N1C(=O)C2=C3CC(C)(C)OC[C@H]3SC2=NC1=S,0.02
Cc1ccc(S(=O)(=O)c2cc3c(=O)n4ccccc4nc3[n+](C)c2N)cc1,0.02
Cc1ccc(C(=O)N2CC(=O)Nc3ccc(Cl)cc3[C@@H]2c2ccccc2)cc1[N+](=O)[O-],0.02
COc1ccc([C@@H](O)CC#N)cc1Br,0.02
C[C@H](NC(=O)C(=O)Nc1ccc(-c2nccs2)cc1)c1ccc(Cl)cc1,0.02
CC[C@@H](O)CN1CCN(C(=O)[C@H]2C[C@@H]2c2cnn(C)c2)CC1,0.02
CS(=O)(=O)c1ccc(CNC(=O)NC2CC[NH+](C3CC3)CC2)cc1,0.02
Cc1cc(C(=O)NC[C@H](O)COc2cccc(C(F)(F)F)c2)c(C)s1,0.02
CC[NH2+]C/C(=C\c1ccc2ccccc2c1)C(C)C,0.02
CC[NH2+][C@]1(C(=O)OCC)CCC[C@H](Sc2ccncc2)C1,0.02
CN1CCCNC(=O)C12CC[NH+](Cc1cccc(O)c1)CC2,0.02
Cc1ccc(C)c([C@H](C)NC(=O)Cc2ccccc2)c1,0.02
COC(=O)CC1(NC(=O)C[C@H](O)c2ccc(Cl)cc2)CC[NH+](C)CC1,0.02
CC[C@](C)(NCc1nnc(Cc2ccccc2)o1)c1nc(C)cs1,0.02
C[C@@H](CC(=O)NCCc1ncnn1C)NC(=O)C1CCCCC1,0.02
C[C@H]1CCCN(S(=O)(=O)Nc2ccc3oc(=O)ccc3c2)C1,0.02
C[NH2+]Cc1cncc(Oc2ccc(Cl)c(C)c2)n1,0.02
Cc1ccc(N2C[C@@H](C(=O)NC[C@@H]3CCS(=O)(=O)C3)CC2=O)cc1C,0.02
O=C(c1ccc(F)cc1)N1CCC(C(=O)N2CCc3nc(-c4ccccc4)oc3C2)CC1,0.02
O=C(Cc1ccc[nH]1)Nc1ccccc1C(=O)NC[C@H]1CCCO1,0.02
Fc1cc(Br)ccc1CNc1ccc(-c2nnco2)cc1,0.02
CCc1cc(NCCCn2cc[nH+]c2C)n2nc(C)c(C)c2n1,0.02
Cc1nn(-c2ccccc2)c(C)c1/C=C/C(=O)Nc1ccc(F)c(S(=O)(=O)N2CCOCC2)c1,0.02
O=C(NNC(=O)c1c[nH]c2ccccc12)c1cn2cccnc2n1,0.02
C[C@@H]1[C@@H](C)CCC[C@H]1NC(=O)CN1C[C@H](C)C(=O)Nc2ccccc21,0.02
CC[C@@H](CN[C@H](C)c1cnc2cc(C)nn2c1C)[NH+]1CCc2ccccc2C1,0.02
CCc1ccc(Cl)c(CC)c1NC(=O)NCC[NH+]1CCC(OC)CC1,0.02
CCCC(=O)N1CCCC[C@H]1c1nc2c(c(=O)[nH]1)CN(C(=O)C1CCCC1)CC2,0.02
Cn1ncnc1CCNC(=O)c1csc(Br)c1,0.02
C[NH+](CCOC(F)(F)F)CC(C)(C)O,0.02
Cc1cc(C)c([C@H]2NC(=O)c3n[nH]c(C)c3N2)cc1C,0.02
O=C(NCCc1cscn1)Nc1ccccn1,0.02
COc1cc(CNC(=O)COc2ccccc2C#N)ccn1,0.02
Cc1cc(I)ccc1[C@H]([NH3+])C(=O)[O-],0.02
Fc1ccc2c(c1)[C@@H]([NH2+]CCC1=CCOCC1)CCO2,0.02
O=C([O-])CCn1cc(Cl)c([N+](=O)[O-])n1,0.02
COc1ccc(CCC(=O)Nc2cnc(-c3ccccc3)nc2)cc1OC,0.02
C[NH+](C)[C@@H]1CC[C@@H](NC(=O)C(=O)Nc2c(F)cccc2Oc2ccccc2)C1,0.02
O=C(N[C@H]1CC=CCC1)N[C@@H]1CCCc2c1cnn2Cc1ccccc1,0.02
COc1cc(OC)c(OC)cc1C[NH+]1CCC([NH+]2C[C@@H](C)O[C@@H](C)C2)CC1,0.02
Cc1ccc(Cl)cc1NC(=O)c1ncccc1C(F)(F)F,0.02
Cc1ccc(C)c(NC(=O)c2cc(=O)c3cc(Cl)ccc3o2)c1,0.02
Cc1c(Br)cccc1C[S@](=O)CC(=O)N(C)CC1CC1,0.02
CCOc1ccccc1/C=N/NC(=O)c1ccc(NC(=O)c2cccc(C)c2)cc1,0.02
Cc1cc(C)n(-c2ccc(C(=O)OCC(=O)N3CCC(c4ccccc4)=N3)cc2)n1,0.02
Cc1ccc(CN2C(=O)CC[C@@H]2C(=O)NCc2n[nH]c(=S)n2C)cc1,0.02
C#CCOc1ccc(NC(=O)N2CCC[C@@H](COCC)C2)cc1,0.02
CC[NH+](C)CC[NH2+]C[C@H]1CSc2ccccc21,0.02
CC/C(=C\c1ccc(Cl)s1)C[NH2+]C(C)C,0.02
Cc1ccc(OCCCCNC(=O)c2oc3c(c2C)C(=O)CC(C)(C)C3)cc1,0.02
CCOC(=O)c1c(NC(=O)c2ccc(SC)cc2)sc2c1CC[NH+](CC)C2,0.02
C[C@@H](C1CC1)N(C(=O)Nc1ccc(O[C@H]2CCOC2)cc1)C1CC1,0.02
CC(C)CCN(C(=O)N[C@H](C)c1cccc(-n2cccn2)c1)C1CC1,0.02
O=C(NC1CCN(C(=O)c2c[nH]c3ccccc23)CC1)C1CCCCC1,0.02
O=C([O-])c1ccc2c(=O)[nH]c(N3CC[NH2+]CC3)nc2c1,0.02
CC(C)CCN(C)C(=O)NCc1ccccc1CN1CCCC1=O,0.02
CN(C)c1cccc(C(=O)Nc2ccc(CC(=O)NC(C)(C)CO)cc2)c1,0.02
C[C@@H](Cl)c1nc2cc(Cl)c(Cl)cc2n1Cc1cccnc1,0.02
CC1=NO[C@@H](CNC(=O)c2ccccc2F)C1,0.02
CC[C@H](NC(=O)Nc1cc(C)on1)c1nc(-c2ccccc2)c[nH]1,0.02
COc1ccccc1C[C@@H](C)OC(=O)c1scnc1C1CC1,0.02
Cc1ccc(NC(=O)C(=O)NCCc2ccccc2F)c(C)c1,0.02
Nc1nc(NS(=O)(=O)c2ccccc2)nn1-c1nc(-c2ccccc2)cs1,0.02
Cc1ccccc1/N=C(\N)NC1=N[C@H](CC(=O)Nc2cccc(Cl)c2C)C([O-])=N1,0.02
N#Cc1c[nH]c2ccc(Cl)cc12,0.02
C[C@H]1Nc2ncnn2[C@H](c2ccccc2Cl)[C@@H]1C(=O)Nc1ccccc1,0.02
CCCC[NH+](C)CC1CCN(C(=O)c2scnc2C2CC2)CC1,0.02
COc1ccc(-n2cnn(CN(C)[C@@H](C)c3nc4ccccc4s3)c2=S)cc1,0.02
O=C(NCc1ccco1)c1ccc(-n2ccnc2)nc1,0.02
CCc1cccc(NS(=O)(=O)c2ccc3c(c2)NC(=O)[C@H](C)S3)c1,0.02
Cc1cccc(NC(=O)c2cccc(S(=O)(=O)N(C)c3ccccc3)c2)c1,0.02
COc1cc(C(=O)Nc2ccc(C#N)c(Cl)c2)ccc1OCC(=O)Nc1ccc(F)cc1,0.02
Cc1ccc2ncn(CC(=O)N(C)Cc3cccc(F)c3)c(=O)c2c1,0.02
Cc1ccc(NC(=O)c2sccc2NS(C)(=O)=O)cc1Cl,0.02
COc1ccc(OC)c(CNC(=O)[C@H]2CCCN(c3nccc(C)n3)C2)c1,0.02
Cc1ccccc1OCCn1c(=S)[nH]c2ccccc21,0.02
COc1ccc(C)cc1[C@@H](C)Nc1nc(C(C)C)ns1,0.02
C[C@@H](CC(=O)Nc1ccccc1SC(F)F)NC(=O)c1ccccc1,0.02
CC[C@H](NC(=O)N[C@@H]1CCCc2c1cnn2C)c1cccs1,0.02
CC(C)(C)c1ccc(C2(/C([O-])=N/c3ncn[nH]3)CC2)cc1,0.02
CCCC(=O)Nc1cccc(CNC(=O)N(C)[C@@H](C)C2CC2)c1,0.02
CCn1cc(/C([O-])=N/c2nnc(CC(C)C)s2)c(=O)c2cc(F)ccc21,0.02
Cc1ccc(NC(=O)[C@@H](CC(C)C)N2C(=O)[C@H]3CC=CC[C@H]3C2=O)c(Cl)c1,0.02
CC(C)CCN(CCC(C)C)C(=O)c1cnc[nH]1,0.02
COC(=O)C(C)(C)[C@@H]1CCC[NH+](Cc2nnc(C)n2C2CC2)C1,0.02
CCC[C@@H]([NH3+])c1ccn(CCOC(F)(F)F)c1,0.02
O=C(CN1C(=O)N=C2C=CC=C[C@@H]2C1=O)NCCc1c[nH]c2ccc(F)cc12,0.02
CC[C@@H](O)CCNC(=O)c1cncc(C(=O)OC)c1,0.02
CCCOc1ccccc1-c1cc(C[NH3+])n[nH]1,0.02
c1ccc(-c2cc(NCc3ccncc3)nc(-c3ccccn3)n2)cc1,0.02
CN(c1ccc2ccccc2c1)S(=O)(=O)c1ccc(C(=O)CCC(=O)[O-])cc1,0.02
COc1cc(Br)c(/C=C(/C#N)C(=O)Nc2ccc(C)cc2C)cc1OC,0.02
COc1cc(CC(=O)Nc2ccc(C)cc2OC)ccc1C,0.02
C[C@H]1OCC[C@H]1C(=O)Nc1ccsc1C(=O)[O-],0.02
C/C(=N/NC(=O)c1c(Cl)c(C)nn1C)c1cccc(NC(=O)C2CCCC2)c1,0.02
Cc1cc(OCC[NH2+][C@@H](C)[C@H]2CCCO2)ccc1C(C)C,0.02
CNC(=O)c1ccc(OS(=O)(=O)c2cc(F)ccc2C)cc1,0.02
N#Cc1c(Cl)cccc1N1CC[NH+]2CCCC[C@@H]2C1,0.02
C[C@@H]1[C@@H](C(=O)N2CCc3c([nH]c4ccccc34)[C@@H]2c2ccccn2)c2cc(O)ccc2N1C,0.02
CN(c1ncnc2sc3c(c12)CCNC3)[C@@H]1CC[NH+](C)C1,0.02
CN(Cc1ccccn1)C(=O)c1cc2ccc(OC(F)(F)F)cc2[nH]1,0.02
CCC[C@@H](NC(=O)c1nc(C)n(-c2ccc(Cl)cc2)n1)C(=O)OC,0.02
Cc1ccc(N2C(=O)/C(=C\NN3CC[NH+](C)CC3)C(=O)N=C2[O-])cc1C,0.02
CC1(C)CC(=O)C2=C(C1)O[C@@]1(O)C[C@@H]2[C@H]2CO[C@@H]1O2,0.02
COc1ccc([C@@H]([NH3+])[C@@]2(C)CCCO2)c(OC)c1,0.02
Cc1ccccc1[C@@H]1CCCN(C(=O)Cc2c(C)[nH]c(=O)[nH]c2=O)C1,0.02
O=C(NCc1ccc(-n2ccnc2)c(F)c1)[C@H](Sc1ccccc1)c1ccccc1,0.02
Cc1nn(-c2ccccc2)cc1CCCNC(=O)[C@@H]1CCO[C@@H]1C,0.02
CC[S@](=O)[C@H]1CCCC[C@@H]1NC(=O)C(=O)Nc1cccc(C(C)C)c1,0.02
CCC(=O)Oc1ccc2c(C)c(Cc3ccccc3)c(=O)oc2c1C,0.02
NC(=O)N1CCC(C(=O)NCCCn2cc[nH+]c2)CC1,0.02
Cc1ccc(S(=O)(=O)/N=C(\[O-])[C@@H](C)NC(=O)C2CCCCC2)c(F)c1,0.02
NC(=O)[C@@]1([NH2+]C2CC2)CCC[C@@H]1CCSc1ccccn1,0.02
C[NH+](C)[C@H]1CC[C@H](NC(=O)c2cccc(Oc3ccncc3)c2)C1,0.02
CC[C@@H](NC(=O)c1ccccc1OC1CCN(S(C)(=O)=O)CC1)c1ccc(F)cc1,0.02
Cn1c(=O)c2ccc([C@@H]3CCCCN3C(=O)CN3CCOCC3)nc2n(C)c1=O,0.02
CC[C@H](C)[NH+](CC)CCOc1ccc(C#N)cc1,0.02
CSc1nnc2c(n1)O[C@@H](c1ccc(C#N)cc1)N(C(C)=O)c1ccc(F)cc1-2,0.02
CCC(CC)[C@@H](O)CNc1cc(-n2cccn2)nc(N)n1,0.02
Cc1cc(C[NH2+]Cc2ccccc2F)ccc1F,0.02
CCCC(=O)Nc1cccc(CNC(=O)CN2CCc3[nH]ncc3C2)c1,0.02
N#CCNC(=O)C[NH+]1CCCN(S(=O)(=O)c2ccc(F)cc2)CC1,0.02
CNS(=O)(=O)c1ccc(CCC(=O)Nc2cccc(C)c2Cl)cc1,0.02
C=C(C)CSCC(=O)Nc1c(C)n[nH]c1C,0.02
Cn1c(=O)c2c(nc(N/N=C/c3ccccc3O)n2CCO)n(C)c1=O,0.02
COc1ccc(CCn2nc(C(=O)NC3CC3)c3c2CCN(C(=O)c2ccc(F)cc2Cl)C3)cc1,0.02
Cc1nc2ccccc2n1CCC[NH2+]Cc1c[nH]nc1-c1ccccc1,0.02
CC(C)CCN(C(=O)Nc1ccccc1CN1C[C@@H](C)O[C@H](C)C1)C1CC1,0.02
[NH3+][C@@H](Cc1cccc(F)c1F)[C@H]1CN2CCC[C@@H]2CO1,0.02
C[C@@H]1C[NH+](Cc2ccc(F)c3cccnc23)C[C@@H](C)S1,0.02
CNC(=O)c1ccc(Cl)c(NC(=O)N[C@@H](C)C(C)C)c1,0.02
O=C(c1ccc2ccccc2n1)N1CCC(Oc2nc3c(Cl)cccc3s2)CC1,0.02
Cc1ccc(C(N)=O)c(NC2CCC(n3cnnc3)CC2)n1,0.02
CC1CCC(CN(C)c2ncnc3[nH]cnc23)CC1,0.02
O=C([O-])C[C@@H]1CN([C@H]2CCO[C@]3(CCOC3)C2)CCO1,0.02
C#CCOc1ccccc1C[NH+]1CCC(NC(=O)c2cc(C)oc2C)CC1,0.02
Cc1nn(C(F)F)c(C)c1CC(=O)N[C@H](c1nc(C2CC2)no1)C(C)C,0.02
C=CCOc1ccc(C[NH+]2CCC(C(=O)NN)CC2)cc1OC,0.02
CN(C)C(=O)CNC(=O)N(CCC(F)(F)F)C1CCCCC1,0.02
CC(C)C(=O)Nc1ccc(NC(=S)NC(=O)c2ccc(I)cc2)cc1,0.02
CCC[NH2+][C@H](Cc1nn(C)c2ccccc12)c1ncc[nH]1,0.02
C[C@@H](O)CCNC(=O)N[C@@H]1CC(=O)N(C2CC2)C1,0.02
C[C@H](COc1ccc(F)cc1)NC(=O)c1[nH]nc(C2CC2)c1Cl,0.02
Cc1cccn2nc(NC3(CO)CCCC3)nc12,0.02
COc1cccc(C(=O)Nc2ccc(F)cn2)c1F,0.02
CCN(Cc1cnc2ccc(C#N)cn12)C[C@@H]1CC[NH+](Cc2ccccc2)C1,0.02
CCC(CC)n1nccc1C(=O)N[C@H]1CC[C@@H]([NH+](C)C)C1,0.02
CCc1nc2n(n1)CCC[C@@H]2N[C@@H](C)c1nc(-c2cccs2)no1,0.02
C[C@H](CNC(=O)c1ccc(I)cc1)[NH+]1CCc2sccc2C1,0.02
Nc1nccnc1C(=O)Nc1ccc(C23CC4CC(CC(C4)C2)C3)cc1,0.02
COc1ccc(C[NH+]2CCC(C(=O)N3C[C@@H](C)O[C@@H](C)C3)CC2)cc1F,0.02
COc1ccc(OC)c(N2C(=O)CS[C@H]2c2ccccc2NC(=O)c2ccc(Cl)cc2)c1,0.02
O=C1CC[C@@H](C(=O)N[C@@H]2CCCC[C@@H]2Cc2ccccc2)N1,0.02
COc1ccc([C@@H]2CCCN2C(=O)CCCn2cnc3c2c(=O)n(C)c(=O)n3C)cc1,0.02
C[C@H]1CCC[C@H](CC(=O)N2CCC[C@H](c3n[nH]c(=S)n3C)C2)C1,0.02
C[C@H](C[NH+](C)Cc1ccccc1)OC(=O)c1ccco1,0.02
C=CCNS(=O)(=O)c1cc(C(=O)Nc2cc(C)cc3cccnc23)ccc1F,0.02
O=C(NCc1ccsc1)C(=O)Nc1ccc(-c2nccs2)cc1,0.02
CCCn1nnc2cc(-c3cc([C@H]4CCOC4)c(C#N)c(N)n3)ccc21,0.02
N#Cc1ccsc1NC(=O)COC(=O)c1cnccn1,0.02
COc1ccc(OC)c([C@@H](C)Nc2nc3c(C)nn(C)c3c(=O)n2C)c1,0.02
Cn1cc(C(=O)NNC(=O)N[C@@H]2CC=CCC2)c2ccccc21,0.02
CCOC(=O)c1ccccc1NC(=O)Cn1ccn2nc(-c3ccc(C)cc3)cc2c1=O,0.02
COc1ccc(C(=O)NCc2cccnc2N2CCC[C@H](O)C2)c(OC)n1,0.02
Cn1ncc2c(NCC3([NH+](C)C)CCCCCC3)ncnc21,0.02
Fc1ccc(F)c(CNc2nc3c(Br)cccn3n2)c1,0.02
O=C(Nc1cccc(NC(=O)c2cccnc2Cl)c1)c1ccccc1,0.02
CC(C)Oc1ccc(F)cc1NCc1nnsc1Cl,0.02
Cc1[nH]c2ccc(C(=O)N(C)Cc3nc4ccccc4s3)cc2c1C,0.02
N#Cc1ccc2ncc(CN(CCc3cccc(F)c3)C3CC3)n2c1,0.02
Cc1cc(O)c(C[NH+]2C[C@@H](C)C[C@H](C)C2)c2c1C(=O)/C(=C\c1ccccc1)O2,0.02
CN(C)c1c(Cl)cccc1NS(=O)(=O)c1ccc(F)c(C(=O)[O-])c1,0.02
CCC[NH+]1CCCN(C(=O)NCCc2ccccc2[N+](=O)[O-])CC1,0.02
C[C@@H](SCC1=NC(=O)C2=C3CCCC[C@H]3SC2=N1)C(=O)NCc1nnc2ccccn12,0.02
COC(=O)c1coc(C[NH+]2CCC[C@@H]2c2nc3ccccc3n2C)n1,0.02
CC[NH+](CC)CCN(C(=O)c1cc(C)oc1C)c1nc2ccc(Cl)cc2s1,0.02
CCCc1nc(NCc2ccncc2)c2c(n1)c(C)nn2CC,0.02
CNC(=S)NC[C@@H](C1=c2ccccc2=[NH+]C1)[C@@H]1CC=CS1,0.02
Cc1c(-c2nc(-c3ccccc3Cl)no2)sc2ncn(CC(N)=O)c(=O)c12,0.02
Cc1ccc(Cn2c([O-])c(C(N)=O)c3snnc3c2=O)cc1,0.02
C[C@H]([NH2+][C@H]1CCOc2c(Cl)cccc21)c1ccc(S(N)(=O)=O)cc1,0.02
O=C1N=C(NCCCO)[NH+]=C2c3ccccc3CC3(CCCC3)[C@@H]12,0.02
O=C(Nc1nc(-c2ccc3c(c2)OCO3)cs1)[C@@H]1CC(=O)N(Cc2ccccc2)C1,0.02
N#Cc1ccnc(N2CCC([NH3+])CC2)c1,0.02
CCOCc1ccccc1NCC(=O)Nc1ccc(F)cc1F,0.02
CC(C)N1CCC([NH+]2CCN(Cc3ccc(C(F)(F)F)cc3)C[C@@H]2CCO)CC1,0.02
CSC[C@](C)(O)CNC(=O)c1cc(C)ccc1-n1ccnc1,0.02
C[C@H](CCc1ccc(O)cc1)NC(=O)C(=O)Nc1ccc(-n2cncn2)cc1,0.02
O=C(N[C@@H]1CC[NH+](Cc2ccccc2)C1)c1cncc(Br)c1,0.02
O=C(Cc1cnc(-n2cccc2)s1)NCCc1ccco1,0.02
COc1ccc(COC(=O)c2ccnc(F)c2)cn1,0.02
O=C1C[C@H](C(=O)Nc2ccc(F)cc2F)[C@@H]2C(=O)N=C(SCc3ccccc3F)N=C2N1,0.02
OCCOCC[NH+]1CC[C@H](Oc2ccncc2)C1,0.02
O=C(N[C@H]1CCCC[C@H]1Cc1ccco1)c1cccs1,0.02
Cc1cc(C(=O)N2C[C@@H](C(=O)[O-])[C@H](C(C)C)C2)cs1,0.02
Cc1ccc2nc(CCl)n([C@H]3CC(=O)N(C)C3=O)c2c1,0.02
Cc1ccc(Cl)cc1N1CCN(S(=O)(=O)c2ccc3c(c2)C[C@H](C)N3C(=O)C2CCC2)CC1,0.02
COc1cc(F)c([N+](=O)[O-])c(N2CCC(C(=O)N[C@H](C)C(C)C)CC2)c1,0.02
COc1ccccc1N1CC[C@H](Nc2ccccc2S(C)(=O)=O)C1,0.02
O=C(C[NH+]1CC=C(c2ccccc2Cl)CC1)NNC(=O)C1CC1,0.02
CC[C@](C)(C#N)NC(=O)c1cc(F)ccc1Br,0.01
C=CCC(CC=C)[C@@]12CC(=O)C[C@@H]1CC1(C2)OCCO1,0.01
CCOc1cc(CNc2cnn(-c3ncccn3)c2)cc(Cl)c1OC,0.01
C[C@@H]1CCC[C@H](C)N1/N=C\c1cc(Br)cc(Br)c1O,0.01
CCC[C@@H]1C[C@@H]1NC(=O)CSc1nnc(-c2cccs2)n1C,0.01
C[C@@H]1C[NH+](C)CCN1Cc1nc2ccccc2o1,0.01
CSCc1ccnc(N(C)Cc2ccc([S@](C)=O)cc2)c1,0.01
C[C@@H]1CC(C(=O)Nc2cccc(OCCF)c2)C[C@@H](C)O1,0.01
COc1ccc(-n2nc(C(=O)N3CCC[C@@H]4CCC[C@H]43)cc2C)cc1,0.01
C[C@@H](NCCc1nccn1Cc1ccccc1)c1ccc2[nH]c(=O)[nH]c2c1,0.01
COCCNS(=O)(=O)[C@H]1CON(C)[C@H]1c1ccc(C)s1,0.01
CC1(C)CC(=O)c2c(-c3cccnc3)n[nH]c2C1,0.01
CC(C)[C@@H](C)CC(=O)NC[C@@H]1CN2CCCC[C@@H]2CO1,0.01
CCOC(=O)N1CCC[C@H](C(=O)N(C)[C@@H]2CCc3ccccc3C2)C1,0.01
FC(F)(F)c1ccc2nnc(-c3cccnc3)n2c1,0.01
Cc1cc(NC(=O)c2cc(=O)c3ccccc3o2)ccc1C(=O)N(C)C,0.01
CCc1cnc(CN(C)C(=O)C2=Cc3ccccc3OC2)s1,0.01
CCOc1ccc(C2=C/C(=C\c3ccc(Cl)cc3)C(=O)O2)cc1,0.01
C[C@@H](CC(=O)NC[C@@H](O)c1ccccc1Cl)NC(=O)C1CCCC1,0.01
CCCc1noc(CS(=O)(=O)[C@H](C)C(=O)Nc2ccccc2F)n1,0.01
Cc1cccc(CN2CCO[C@H](CO)C2)c1,0.01
N#CCc1ccc(NC(=O)C(=O)N2C[C@H]3CCCC[C@@H]3C2)cc1,0.01
CC1=C[C@H](C)C2(COC(CC(C)C)OC2)[C@H](C)C1,0.01
CCCCNC(=O)CN1C(=O)[C@@H]2CCCCN2c2ccc(C(=O)N(C)C)cc21,0.01
CNC(=O)[C@@H](C)NC(=O)C(=O)Nc1ccc(-n2cccn2)c(Cl)c1,0.01
COc1ccc(F)c(NC(=O)CN(C)C(=O)[C@@H](C)n2cccn2)c1,0.01
CSc1cccc(NC(=O)Cn2c(=O)n(CCc3ccccc3)c(=O)c3oc4ccccc4c32)c1,0.01
CC(C)(C)[C@H](NC(=O)[C@@H]1C[C@H]1c1c(F)cccc1F)C(N)=O,0.01
C[C@@H](CNC(=O)OC(C)(C)C)N(C)C(=O)Cn1ccnc1,0.01
CCN1CCO[C@@H]([C@@H](CCc2ccsc2)[NH2+]C)C1,0.01
Cc1csc(SCC2CCN(S(=O)(=O)c3ccc(F)c(Cl)c3)CC2)n1,0.01
NC(=O)C[NH+]1CCCN(C(=O)Cn2c(=O)oc3ccccc32)CC1,0.01
CC(C)C(=O)Oc1ccc2c(c1)ncn2C,0.01
CC[NH2+][C@@H]1[C@H](CN(C)Cc2ccccn2)CCC1(C)C,0.01
CN(C)C(=O)Cc1ccc(NC(=O)c2cc(Br)ccc2Cl)cc1,0.01
Cc1c(C#N)c(NC(=O)c2cccc(Cl)c2)n(Cc2ccccc2)c1C,0.01
Cn1cc(C(=O)NC2CCCCC2)cn1,0.01
CN(CC(C)(C)C[NH3+])C(=O)Cc1ccc(F)c(F)c1,0.01
O[C@@H](C[C@H]1CCOC1)c1ccccc1,0.01
COc1cccc(-c2nnc(NC(=O)c3ccn(C)n3)o2)c1,0.01
CC[C@H](C)CN(CC)S(=O)(=O)c1cc(F)ccc1N,0.01
C[C@H](C[NH+]1CCCCC1)NC(=O)N[C@@H](C)[C@@H]1CCCO1,0.01
CN(Cc1cc(Cl)cn1C)C(=O)NCc1ccnc(OC2CCC2)c1,0.01
Cc1noc(C)c1[C@@H](C)NC(=O)c1nc(-c2ccccc2)cs1,0.01
CC(C)Oc1ccc(C(=O)NC(=S)Nc2ccccc2C(=O)N2CCCCC2)cc1,0.01
O=C(NCc1ccccn1)C(=O)Nc1ccc2cc[nH]c2c1,0.01
O[C@H](c1ccc(Cl)cn1)[C@@H]1CCO[C@]2(CCOC2)C1,0.01
COc1cc(C(=O)N2CCN(S(=O)(=O)Cc3ccccc3)CC2)cc(OC)c1OC,0.01
C[C@H]1CC(=O)c2c(OCc3ccc(C(N)=O)cc3)ccc(F)c21,0.01
Cc1ncsc1CCNC(=O)C[C@H]1COCCN1C(=O)N1CCCC1,0.01
Cc1ccccc1C(=O)N1CCC([C@H](NC(=O)c2cccs2)C(=O)N2CCCCC2)CC1,0.01
N#Cc1ccc(OC[C@H](O)CN2CC[NH+](C[C@@H]3CCCO3)CC2)cc1,0.01
CC[C@](C)([C@@H](NC)c1cccc(F)c1F)[NH+]1CCCCC1,0.01
CCOC(=O)c1cccc(N[C@@H](C)[C@H]2CCCO2)n1,0.01
C=CCNC(=O)c1ncoc1-c1cccc(OC)c1,0.01
CCN(CC)c1ccc(NC(=O)Cc2c(F)cccc2Cl)cc1,0.01
CCCN(C(=O)[C@@H](C)n1cncn1)C1CCC([NH3+])CC1,0.01
O=C(NC[C@@]1(O)CCc2ccccc21)[C@@H]1CC(=O)N(c2ccc(Cl)cc2)C1,0.01
CCn1nc(-c2ccc(C)c(S(=O)(=O)Nc3ccc(C)cc3)c2)c2c(c1=O)CCCC2,0.01
C[NH2+][C@H](C)c1ccc(SCC(C)C)c(F)c1,0.01
CCc1onc(C)c1NC(=O)N1CC[C@H](C)[C@@H](n2cc[nH+]c2)C1,0.01
CCOc1ccc([C@@H]([NH3+])c2n[nH]c(-c3ccco3)n2)cc1OCC,0.01
CN(CC(C)(C)O)C(=O)CCCCO,0.01
Cn1cc[nH+]c1[C@@H](NCC(C)(C)S(C)(=O)=O)c1cccs1,0.01
O=C(N[C@@H]1C=C[C@@H](C(=O)[O-])C1)N[C@H]1CCCc2sccc21,0.01
C#CCN(Cc1ccc(F)cc1)Cc1ccccc1N1CCN(C(C)=O)CC1,0.01
COc1ccc(S(=O)(=O)Nc2cc(C(C)C)c(O)c(S(=O)(=O)c3ccc(Cl)cc3)c2)cc1,0.01
CCOC(=O)N[C@H]1SC(c2ccccc2)=N[C@@]1(O)c1ccccc1,0.01
CCCC1=C(C(=O)OC)[C@@H](c2ccc(C(=O)OC)cc2)NC(=O)N1C,0.01
COc1ccc(Nc2cc(C)ccc2N)cc1,0.01
C[NH2+]Cc1ccc(O[C@@H](C)C(=O)N2CCCCC2)cc1,0.01
CCC[NH+](C[C@@H]1CCCC(C)(C)[C@@H]1[NH2+]C)C(C)C,0.01
O=C(c1cc2ccccc2[nH]1)N1CCC(c2nnc3n2CCCCC3)CC1,0.01
O=c1c(=O)n(-c2cccc(Cl)c2)ccn1Cc1ccc2c(c1)OCO2,0.01
CC[C@@H]1CCCC[NH+]1Cc1c(C(=O)[O-])oc2ccccc12,0.01
CCN1CCO[C@H](C[NH2+][C@@H]2CCC[C@H](C(=O)[O-])C2)C1,0.01
C[C@@H](Nc1ccc(C(=O)N(C)C)nn1)c1ccccc1Cl,0.01
O=C(N1CCC[C@H](COc2ccc(F)cc2)C1)C1(Cn2cccn2)CC1,0.01
COCCC(=O)N(C)[C@H](C)Cc1ccccc1OC,0.01
CC[C@@H]1CN(CC(=O)NCc2ccco2)CCO1,0.01
Cc1cc(C)c([N+](=O)[O-])c(C)c1C(=O)NCCCNC(=O)C1CCC1,0.01
O=C([O-])[C@H]1CS[C@H](c2cc(F)ccc2F)N1,0.01
Cc1ccc(/C=C/C(=O)N=[N+]=[N-])cc1,0.01
CCOC(=O)c1cc(-c2cccc(NC(=O)c3ccccc3)c2)n(-c2cccc(F)c2)n1,0.01
CC[C@H]1CC(=O)N(CCC(=O)Nc2cccc(N)c2)C1,0.01
COc1ccc2nc(-n3nc(C)cc3NC(=O)c3cc(-c4ccco4)on3)sc2c1,0.01
CC(C)(C)C[C@H](NC(=O)C1CCN(S(N)(=O)=O)CC1)c1ccccc1,0.01
CC(C)(CO)NC(=O)Nc1cccc(-c2nnco2)c1,0.01
COc1ccccc1N1CCN([C@@H]2CCC[NH+](C3CCCCCC3)C2)CC1,0.01
CC(=O)Nc1cccc(NC(=O)NCc2ccnc(OC(C)(C)C)c2)c1,0.01
O=C(c1ccc(Br)s1)N(Cc1ccccn1)c1nc2c(F)cccc2s1,0.01
Cc1ccc(OCCN(C)S(=O)(=O)c2ccc3ccccc3c2)cc1,0.01
CCC(=O)Nc1cccc(NC(=O)c2oc3c(c2C)C(=O)CCC3)c1,0.01
Cc1cc(C(=O)[O-])ccc1NS(=O)(=O)c1ccc2c(c1)CCC2,0.01
CC(C)(C)N1C[C@@H](C(=O)Nc2nnc(COc3ccc(Cl)cc3)s2)CC1=O,0.01
N#C/C(C(=O)Nc1ccc(F)cc1)=C1/C(=O)N(Cc2ccccc2Cl)c2ccccc21,0.01
COc1ccc(C[NH+]2CCC3=c4ccccc4=[NH+][C@@H]3C2)cc1O,0.01
CC(C)Oc1ncccc1CNC(=O)NNC(=O)c1ccccc1Cl,0.01
Cc1cnn(CCCCC[NH+](C)C2CCS(=O)CC2)c1,0.01
CC[NH+]1CCN(C(=O)CC2CCN(C(=O)N[C@H]3CCCC[C@@H]3C)CC2)CC1,0.01
COc1ccc(-n2nnc(-c3nc(C)c(C(=O)N4CCN(Cc5ccccc5)CC4)s3)c2C)cc1,0.01
CC[C@H](C#N)[C@]1(O)CCC[C@H](C)CC1,0.01
Clc1ccccc1OCC[NH+]1CCC(OC[C@H]2CCCO2)CC1,0.01
C[C@H](O)Cn1c([C@H]2CCC[NH2+]2)nc2cc(C(F)(F)F)ccc21,0.01
CCN(Cc1ccccn1)C(=O)[C@@H](Cc1cccc(F)c1)n1nnnc1C,0.01
CCOC(=O)[C@H]1Oc2c(c(=O)oc3ccccc23)[C@@H]1c1ccc(O)c(OC)c1,0.01
O=C(c1cccnc1)N1CCc2nc(C3CCN(C(=O)C4CCCCC4)CC3)[nH]c(=O)c2C1,0.01
COCC[NH2+]C[C@H]1CCCO[C@@H]1c1cc(Br)ccc1F,0.01
N#CC1=C(N)Oc2cc3c(cc2[C@H]1c1ccccc1OCc1ccccc1)OCO3,0.01
Cc1cccc(N[C@@]2(C[NH3+])CCCCC2(C)C)c1,0.01
O=C(CCC(=O)N1CCC[C@@H]1c1nc2ccccc2s1)c1ccc2c(c1)OCCCO2,0.01
C[C@H](NC(=O)C(=O)Nc1ccccc1)c1ccc(S(C)(=O)=O)cc1,0.01
Cc1cc(OC[C@@H](O)CN2CC[NH+](Cc3ccc4c(c3)OCO4)CC2)ccc1Cl,0.01
CCC[NH2+][C@@H](C=C(C)C)c1ccn(C)n1,0.01
CCO[C@]1(C[NH3+])CS[C@H](C)C1,0.01
COc1ncccc1CNC(=O)N(C)C[C@@H](C)O,0.01
CCCCNC(=O)[C@H]1CC[C@H](C)[NH+](Cc2ccc([S@](C)=O)cc2)C1,0.01
COC(=O)c1cc(C[NH+](C)CC(=O)Nc2ccc(C)cn2)c[nH]1,0.01
O[C@H](Cn1cccn1)C[NH+]1CCCCC[C@@H]1/C=C/c1ccccc1,0.01
Cc1cc(C)n2nc(C(=O)N(CCC#N)CC(F)(F)F)nc2n1,0.01
CC1(C)C(=O)N(CCCc2nc(CCl)cs2)S1(=O)=O,0.01
Cc1nn(-c2ccccc2)c2sc(C(=O)NCC(N)=O)cc12,0.01
CCC1CCC(NC(=O)[C@@H](NC(C)=O)C2CCCC2)CC1,0.01
O=C(NCc1ccncc1)c1cc(Br)ccc1-n1cnnn1,0.01
CCCNC(=O)C[C@H](C[NH3+])[NH+]1CC[C@H](C)C[C@@H]1C,0.01
C=CCc1ccccc1OS(=O)(=O)c1ccccc1OC,0.01
Cc1nnc(SCC(=O)N(C2CCCCC2)[C@@H]2CCS(=O)(=O)C2)n1N,0.01
O=C([O-])[C@@H]1CCCC[C@H]1C(=O)Nc1ccccc1C(=O)N1CCOCC1,0.01
CCOc1cccc(NC(=O)N[C@@H]2CC[C@H]([NH+](C)C)C2)c1,0.01
COc1ccc([C@H]2SCCN2S(=O)(=O)c2cc(OC)c(C)cc2C)cc1,0.01
O=C(NN1C(=O)N(c2ccc(Cl)cc2)C(=O)C[C@@H]1C(=O)Nc1ccc(F)cc1)c1ccccc1,0.01
Cc1ccc(NC(=O)Cn2c(CCC(=O)[O-])ccc2-c2ccccc2)cc1,0.01
O=C(Cc1ccc(F)cc1F)NCc1cc(Cl)c2c(c1)OCCO2,0.01
COCc1ccc(C[NH+]2CC[C@@H](NC(=O)Nc3ccc(F)cc3)C2)o1,0.01
Cc1cc(CNC(=O)CCc2nc3ccccc3[nH]2)ccc1F,0.01
Cc1cc(NC(=O)N(C)[C@H](C)c2ccccc2F)n(Cc2ccccc2)n1,0.01
CCOc1ccccc1[C@H]1c2[nH]c3ccccc3c2C[C@H]2C(=O)N(Cc3cccc(Cl)c3)CC(=O)N12,0.01
C[C@@H](C(=O)NCCc1ccc2c(c1)OCCO2)[NH+](C)Cc1ncnn1C,0.01
CS(=O)(=O)c1ccc(Cl)c(NC(=O)c2ccccc2NC(=O)c2ccccc2)c1,0.01
CC(C)NC(=O)CCNC(=O)[C@@H]1C[C@@H]1c1cccc2ccccc12,0.01
Cc1cc(C)n(C[C@@H](C)CNC(=O)C[C@@H]2CCS(=O)(=O)C2)n1,0.01
COC[C@](C)(C#N)NS(=O)(=O)c1cccc(OC(F)(F)F)c1,0.01
CC(=O)Nc1ccc(S(=O)(=O)N2CC[NH+]3CCC[C@@H]3C2)cc1,0.01
[NH3+][C@@H](Cc1ccccc1)c1nnc(SCc2c(F)cccc2Cl)o1,0.01
Cc1cccc2nc(CN3C[C@H](C(=O)N4CCCCC4)Oc4ccccc43)cc(=O)n12,0.01
O=C1CCCN1CCCN1C[C@@H](C(=O)N2CCC(c3ccncc3)CC2)CCC1=O,0.01
CC(C)NS(=O)(=O)c1cccc(C(=O)N[C@H]2[C@@H]3CCO[C@@H]3C2(C)C)c1,0.01
CC1=N[C@@H](C[NH+](C)Cc2cccc(-c3nc(C)c(C)c(=O)[nH]3)c2)N=C1,0.01
CC[S@@](=O)[C@H]1CCC[C@H](NC(=O)Nc2cnc3c(c2)c(C)nn3C)C1,0.01
CC[C@@]1(c2cccc(Cl)c2)C[NH+]=C(N)N1,0.01
Cc1cc(C(=O)N2CCC[C@H](n3cc[nH+]c3)C2)c(C)n1CC1CC1,0.01
C[C@H](Oc1ccc(Br)cc1Br)C(=O)N1CCCCCC1,0.01
COc1ccc(NC(=O)c2cnn3c2N=C(C(=O)[O-])C[C@@H]3c2ccc(OC)cc2)cc1,0.01
O=C([C@H]1CCCC[NH+]1CCC(F)(F)F)N1CCCC1,0.01
COc1ccc(OC)c([C@@H]2SCCN2C(=O)Nc2ccccc2OC)c1,0.01
CN(C)c1ccc(CNC(=O)CN2CCCC3(C2)OCCO3)cc1,0.01
O=C(COc1ccc(Cl)cc1Cl)NNC(=S)Nc1ccccc1,0.01
O=C(Nc1cc(Cl)cc(Cl)c1)C(=S)NC1CCCCC1,0.01
Cc1csc(CS[C@H](C)C(=O)Nc2ccc3c(c2)OCCCO3)n1,0.01
Cc1ccc2nc(N3CCN(C4C[NH2+]C4)CC3)nn2c1,0.01
[NH3+]CCCOC(=O)N[C@H]1CCOC1,0.01
O=S1(=O)CCCN1CC[NH2+][C@@H](Cc1ccccn1)C1CC1,0.01
Cc1ccc(C(=O)N(CC#N)CC#N)cc1I,0.01
Cc1noc(C)c1NC(=O)c1cc(NC(=O)Cc2ccccc2)n(C)n1,0.01
C[C@@H](C(=O)[O-])S(=O)(=O)NC12CC3C[C@@](C)(C1)C[C@](C)(C3)C2,0.01
COc1cccc(C(=O)N2CCN(CC(=O)NCc3ccccc3)CC2)n1,0.01
Cc1cccc(C)c1NC(=O)CN(C)S(=O)(=O)c1c(Cl)cccc1Cl,0.01
COc1ccc(NC(=O)[C@@H](C)Nc2cccc(F)c2C)cc1,0.01
O=C(N/N=C/c1ccc(Cl)cc1Cl)c1cccc(S(=O)(=O)N2CCCC2)c1,0.01
O=C(NC1CCCCC1)c1c(N2C(=O)[C@@H]3[C@H](C2=O)[C@H]2CC[C@@H]3O2)sc2c1CCCC2,0.01
CCC[C@H]1C[C@@H]1NC(=O)c1sc(-c2nc[nH]n2)nc1C,0.01
Cc1nc(CN2CC[NH+]([C@H]3CCC[C@@H](C4CC4)C3)CC2)cs1,0.01
COC(=O)[C@@]1(NC(=O)c2cc3c(C)nn(C)c3s2)CCOC1,0.01
Cc1cc(C)c(NNC(=O)c2cnn(-c3ccccc3F)c2)c(C)c1,0.01
O=C(CCN1C(=O)[C@H]2CCCC[C@@H]2C1=O)NC[C@@H](c1ccccc1Cl)[NH+]1CCCC1,0.01
O=C(CCC(=O)c1ccc(F)cc1)Nc1ccc2c(c1)OC(F)(F)O2,0.01
[NH3+][C@H]1CCC[C@H]1c1ccc(Cl)s1,0.01
CC1(C)CN(C(=O)/C=C/c2c(Cl)cccc2Cl)CC[S@]1=O,0.01
CCCC[C@@H](C(=O)OC)[C@H](O)c1ccc(O)c(Cl)c1,0.01
CC(C)(C)NC(=O)Nc1cccc(C(=O)N2Cc3nc(-c4ccccc4)sc3C2)c1,0.01
Cc1cc(-c2ccc(S(C)(=O)=O)cc2)nc(C2CC[NH2+]CC2)n1,0.01
Cc1cc(C(=O)NCC2(O)CCSCC2)c(C)n1Cc1cccs1,0.01
CC[C@@H]([NH2+]C[C@H]1CN2CCC[C@@H]2CO1)C1CC1,0.01
Cc1ccc(O[C@@H](C)C(=O)N(C)[C@@H]2CCS(=O)(=O)C2)c(Br)c1,0.01
CCNC(=O)c1ccc(NC(=O)C(=O)N[C@H](C)c2ccncc2)cc1,0.01
CN[C@@]1(C#N)CCC[C@@H]1CC[NH+](C)CC1CCCCC1,0.01
CCOc1ccc(-c2nc([O-])c3c(n2)Oc2c(cccc2OC)C3)cc1,0.01
Cc1ccnn1-c1ccc(C(=O)N2CCC[C@H](c3nc4ccccc4s3)C2)cc1,0.01
COc1ccc(NC(=O)CCN2CCn3c(nn(C)c3=O)C2)cc1,0.01
CCC[C@@H]1C(=O)NCCN1Cc1cnc(-c2cccs2)s1,0.01
O=C(N[C@H]1C[C@@H]1c1ccccc1)c1cccc(C[NH+]2CCCC2)c1,0.01
COCc1cccc2c1C[C@H](C)[C@@H]2[NH3+],0.01
Cc1nn2cc(CCNC(=O)[C@@H]3CC(=O)Nc4ccc(F)cc43)nc2s1,0.01
C[C@@H](O)CN1CCN(C(=O)c2cc3c(F)cccc3s2)CC1,0.01
CCN(CC)C(=O)CCC(=O)N(CC)[C@@H]1CCS(=O)(=O)C1,0.01
O=C(c1ccccc1F)N1CCC[C@@H]1c1nc(-c2cccnc2)cc(=O)[nH]1,0.01
CCNC(=O)Cn1c(-c2cccs2)noc1=O,0.01
CC(C)[C@H]([NH2+]CCCC(=O)N(C)C)c1cccnc1,0.01
COc1ccc(S(=O)(=O)N(Cc2cccnc2)c2ccc(F)cc2)cc1,0.01
CCC[NH2+][C@H]1c2c(Cl)cc(Cl)cc2C[C@H]1C,0.01
C=CCOc1ccc(C(=O)C2=C([O-])C(=O)N(C[C@H]3CCCO3)[C@@]23C(=O)N(C)c2ccccc23)cc1,0.01
Cc1nnc(SCC(=O)Nc2cc(C(F)(F)F)ccc2N2CCCCC2)n1C1CC1,0.01
CCS[C@H]1CCCC[C@@H]1NC(=O)NCc1c(C)nn(CC)c1C,0.01
Cc1cc(C)n2nc(CC(=O)O[C@H](C)c3nc4ccccc4n3C)nc2n1,0.01
CNC(=O)/C(=N\OC)c1ccccc1COc1cc(C)ccc1C,0.01
CC(C)C[C@H](C[NH+](C)C)NC(=O)N1CCC(CO)CC1,0.01
O=C(CCC1CCCCC1)N1CCN(c2ccnc(N3CCOCC3)n2)CC1,0.01
CN(C)C(=O)C[NH+]1CCCN(C(=O)NC[C@H]2Cc3ccccc3O2)CC1,0.01
COc1ccc(-n2cc(CNC(=O)N[C@@H]3CCC[C@H]3CO)nn2)cc1,0.01
O=C1N(c2ccc(Br)cc2)[C@H]2CS(=O)(=O)C[C@@H]2N1c1cccc(Cl)c1,0.01
CC1(C)CCC[C@H]1N1C(=O)c2cccc(N)c2C1=O,0.01
CCCN[C@@]1(C(=O)[O-])CC[C@H]([NH+](C)CCC)C1,0.01
CC(=O)N1C=Cc2ccccc2[C@H]1CC(=O)N[C@@H](C)Cn1cc[nH+]c1,0.01
C#Cc1cccc(NC(=O)C(=O)NCCc2cc(C)ccc2OC)c1,0.01
Cc1ccc(S(=O)(=O)N2CCC[NH+](Cc3nc(-c4ccccc4)no3)CC2)cc1,0.01
CC(=O)Nc1cccc(/C(C)=N/NC(=O)c2cccc(O)c2)c1,0.01
O=C(CSc1ccccc1)[C@H]1CCCc2cccnc21,0.01
CCc1n[nH]c(C(=O)NC[C@H](CC)C(=O)[O-])n1,0.01
Cc1ccc(-c2c(C)sc3ncn4nnnc4c23)cc1,0.01
CCCCCC(=O)Nc1ccc(N2CCO[C@H](C)C2)cc1,0.01
c1csc(-c2n[nH]c(CSc3ccncc3)n2)c1,0.01
CCOC(=O)C1(c2ccccc2)CC[NH+](CCC(=O)N2c3ccccc3C[C@H]2C)CC1,0.01
CC(=O)Nc1cccc(CN[C@H]2CC[NH+]([C@@H](C)c3ccccc3)C2)c1,0.01
Cc1cccc(CN2CCN(CC(=O)Nc3ccc(C)c(C)c3)C(=O)C2=O)c1,0.01
CC(C)C[NH+]1CC[C@H](C(=O)Nc2ccn(-c3ncccc3Cl)n2)C1,0.01
NC(=O)COC(=O)c1cnn(-c2ccc(F)cc2)c1C(F)(F)F,0.01
CCCNc1cccc(Cn2nc(C)c(C)c2C)n1,0.01
Cc1ccn2nc(NCCOC3CC[NH2+]CC3)nc2c1,0.01
Cc1cc(C)nc(-n2cc(C(=O)[C@H](C#N)c3ccccn3)c(C(C)C)n2)n1,0.01
C[C@@H](Sc1nnc2ccc(C(F)(F)F)cn12)C(=O)N(C)C,0.01
CCSc1nnc(NC(=O)CCc2c[nH]c3ccccc23)s1,0.01
C[C@H](Cn1ccc([C@H](O)C2CC2)c1)C(N)=O,0.01
Cc1csc(NC(=O)[C@H](CC(C)C)NC(=O)N[C@@H]2CCS(=O)(=O)C2)n1,0.01
CC[C@@H]1c2ccccc2CCN1C(=O)c1cc([N-]S(C)(=O)=O)ccc1O,0.01
C=CCN(CC(=O)[O-])C(=O)NC[C@@H]1CCC(=O)N1,0.01
CCOc1ccc([C@@H]2c3c(oc4ccc(C)cc4c3=O)C(=O)N2c2cccc(C)n2)cc1OC,0.01
CCCNC(=O)[C@@H]1CCCN(C(=O)NCC(C)(C)c2ccccc2Cl)C1,0.01
CC1(C)C[C@](O)(Cc2nc(-c3ccccc3)cs2)CCO1,0.01
COc1cc2nc([S-])n(Cc3ccc(N(C)C)cc3)c(=O)c2cc1OC,0.01
Cc1ccc(NC(=O)C2(c3cc(-c4ccco4)on3)CC2)cc1C,0.01
CCC[NH+]1CCC(N(C)Cc2cc(C)n(C3CC3)c2C)CC1,0.01
O=C(NC1CCN(C(=O)c2cc3ccccc3[nH]2)CC1)c1ccncc1,0.01
CC(C)c1nc(S(=O)(=O)N2CC[C@H]3CC[C@@H](C2)[NH+]3C)c[nH]1,0.01
CN(CCc1ccccc1)S(=O)(=O)c1cncc(F)c1,0.01
COc1ccc(-c2nc(-n3cccc3)sc2C(=O)Nc2nncs2)cc1,0.01
CC(C)[NH+](Cc1ccccc1)Cc1noc(C2CC2)n1,0.01
Cc1cccc(NC(=O)C(=O)N[C@@H]2CCCc3ccc(F)cc32)c1C,0.01
O=S1(=O)N=C(NCc2cccnc2OC2CCCC2)c2ccccc21,0.01
CC[NH+](CC)Cc1cnc2c(C(=O)N3CC[C@@H]4CC[C@H](C3)[NH+]4C)cnn2c1,0.01
C[C@H]1CN(Cc2cnn(-c3ccccc3)n2)C[C@H](C)S1,0.01
CC[C@@H](C)C[C@@]1(CC)O[C@@]1(C(=O)OC)C(C)C,0.01
CN(C)c1ncc(CN2CCC[C@H]2COc2ccccc2)s1,0.01
O=C(COc1ccc(Cc2ccccc2)cc1)NC1CCOCC1,0.01
CCn1nc([C@H](C)C(=O)NCCc2nc3cc(C)c(C)cc3[nH]2)c2ccccc2c1=O,0.01
C[C@@H]1CC[C@@H](NC(=O)c2ccc(-n3ccnn3)cc2)[C@H](C)C1,0.01
Cc1ccc(/C=C/C(=O)Nc2ccc3c(c2)COC3)o1,0.01
Cc1noc(C)c1CSc1ncccc1C(=O)N1CCC[C@@H](O)C1,0.01
CCN(CC(C)(C)O)c1ccc(N)c(OC)n1,0.01
Nc1ccc(F)c(C(=O)O[C@@H]2CCO[C@]3(CCOC3)C2)c1,0.01
C[C@H](OCCC[C@@H]1CCC[NH2+]C1)c1ccc[nH]1,0.01
O=C(NCc1nnc2n1CCN(C(=O)c1csc3c1CCCC3)CC2)c1c(F)cccc1F,0.01
Cc1noc(C)c1CN[C@H](C)c1ccccc1C(F)(F)F,0.01
Cc1ccc(-n2nc(-c3cccc(Cl)c3)nc2Cl)cc1,0.01
Cc1ccc(CC(=O)NC[C@]2(O)CCOC2)cc1O,0.01
O=C(Nc1cccc(NS(=O)(=O)c2ccccc2)c1)c1cc2ccccc2c2cccnc12,0.01
C[C@H]1[C@H](C(=O)[O-])CC[NH+]1Cc1cnn(-c2ccccc2)c1,0.01
CC(=O)c1c(C)[nH]c(C(=O)CN2C(=O)N[C@]3(CCc4ccccc43)C2=O)c1C,0.01
Cc1nc(CC(CO)(CO)c2ccccc2F)cs1,0.01
CCc1ccc(NC(=O)CCNS(=O)(=O)c2c(C)cc(C)cc2C)cc1,0.01
CCOc1ccccc1N1CCN(C[C@H](O)c2ccccc2F)CC1,0.01
Cc1ccc(C(=O)N2C[C@H](C(=O)[O-])Oc3ccccc32)o1,0.01
Cc1ccc(F)cc1NC(=O)CSCCC(=O)[O-],0.01
C[C@@H]1CC[NH+](CCOc2cccc(S(C)(=O)=O)c2)C[C@@H]1O,0.01
C[C@H](CC#N)Sc1ccccc1NC(=O)CSc1n[nH]c(N)n1,0.01
C#CCNC(=O)[C@H]1CCCN(C(=O)CCOc2ccccc2)C1,0.01
COC(=O)c1[nH]/c(=N/C(=O)c2cn(C)c(=O)c3ccccc23)sc1CC(C)C,0.01
CC[NH2+][C@H]1[C@H](N(C)Cc2cnn(C)c2)CCCC1(C)C,0.01
COc1ccc(-c2onc3ccc(C(=O)/C=C/N(C)C)cc23)cc1,0.01
[NH3+][C@H]1CCC[C@@H](Oc2ncnc3c2CCCC3)C1,0.01
Cc1ccc(S(=O)(=O)[N-]c2cncc(C(=O)NCC(C)C)c2)cc1,0.01
O=C(NCCCN1CC[NH+](C2CCCCC2)CC1)c1csc2c1CCCC2,0.01
C/C(=C1/SC(N2CCOCC2)=NC1=O)c1ccc(C)cc1,0.01
Cc1ccc(CCNc2ccccc2S(C)(=O)=O)cn1,0.01
Cc1cc(NC(=O)N2CCC[C@@H]2C(=O)N2CCOCC2)ccc1F,0.01
CN(C[C@@H]1CCCO1)C(=O)NCC1(c2ccc(F)cc2)CCOCC1,0.01
CN1CC[C@H]([NH+]2CC[C@H](COCc3ccccc3)C2)C1=O,0.01
Cc1cccc(C[S@](=O)[C@@H](C)c2nc(-c3ccccc3)no2)c1,0.01
Cc1cccc(N2CCC(N3CCC[C@@H](CCC(=O)N4CCOCC4)C3)CC2)c1,0.01
NC(=S)N1CCN(c2nccs2)CC1,0.01
Cc1cc(/C=C(\C#N)C(N)=O)c(C)n1-c1ccccc1,0.01
COC(=O)C[NH+]1CCCN(c2ccc(C(F)(F)F)cn2)CC1,0.01
C[NH2+][C@@H]1CCOC[C@@H]1Cc1cccc(Cl)c1,0.01
O=S(=O)(c1ccc(I)cc1)N1CCN(C/C=C/c2ccccc2)CC1,0.01
C[C@H]1CCc2nc(NC(=O)CC3CC[NH+](Cc4ccccn4)CC3)sc2C1,0.01
C[C@@H]1CN(C(=O)Cc2ccccn2)CC[C@@]1(O)C1CCOCC1,0.01
CCOc1c(Br)cc(CCC(=O)[O-])cc1OC,0.01
C[C@H]1[C@H](C(=O)[O-])CC[NH+]1[C@@H]1CCCC1(C)C,0.01
CC(C)(C)[NH+]1CCC(NC(=O)c2cnc([C@@H]3CCCO3)s2)CC1,0.01
NC(=O)[C@H]1CCCN1S(=O)(=O)c1cccc(OC(F)(F)F)c1,0.01
Cc1cscc1-c1noc([C@H]2C[NH2+]CCO2)n1,0.01
O=C(NCCc1c[nH]c2ccccc12)C1CN(C(=O)c2cccs2)C1,0.01
O[C@H]1CC[NH+](CCCOc2cccc(Cl)c2)Cc2ccccc21,0.01
CCCOc1ccc(CN(C(=O)c2ccc(Br)cc2)[C@@H]2CCS(=O)(=O)C2)cc1,0.01
CC1(C)C[C@H](Nc2ccc(OCCO)cc2)C[NH+]1Cc1ccccc1,0.01
CCC[C@H](C)C[NH+]1CC(n2cc(C(=O)[O-])nn2)C1,0.01
C[C@H](CC(C)(C)c1ccccc1)NC(=O)NCCc1nnc2n1CCC2,0.01
CCOCC[NH+](C)CC(=O)Nc1nccs1,0.01
NC(=O)C1CCN(C(=O)[C@H]2CC(c3ccccc3O)=NO2)CC1,0.01
COc1cccc2sc(NC(=O)CSc3nnc4n3CCCCC4)nc12,0.01
CC(C)(C)c1n[nH]c2c1[C@H](c1ccc(C(F)(F)F)cc1)C(C#N)=C(N)O2,0.01
CNC(=O)CSc1nnc(-c2ccc(C)cc2)n1-c1ccc(C)cc1,0.01
COCc1cccc(C(=O)NCc2ccc(C)cc2)c1,0.01
O=C(CSc1nncs1)Nc1cccc(S(=O)(=O)N2CCCCC2)c1,0.01
CNC(=O)[C@@H]1CCCC[NH+]1C1CCSCC1,0.01
Cc1ccc(F)c(C[NH+]2CCN([C@H](C)C(=O)N3CCCC3)CC2)c1,0.01
C=C(C)[C@H](CSc1cccc(Cl)c1)[NH2+]CC,0.01
O=C1CC[C@H](COC(=O)[C@H]2CCCc3ccccc32)N1,0.01
O=C1N(Cc2ccccn2)C(=O)C2(CC[NH+]([C@@H]3CCc4ccccc4C3)CC2)N1CCc1ccccc1,0.01
Nc1nc(CSc2nnnn2-c2ccc(O)cc2)nc2ccccc12,0.01
CCN(CCC#N)C(=O)c1cc2ccc(OC)cc2[nH]1,0.01
CC(=O)NC(=S)Nc1cccc(OCc2ccccc2)c1,0.01
COC(=O)N1CCC[C@@H]1C(=O)O[C@@H](C)c1nccs1,0.01
CCn1c([C@H](C)N[C@H](c2cc(F)ccc2F)C2CC2)nc2ccccc21,0.01
O=C(c1ccc(Cl)cc1)c1ccc(C2OCCO2)cc1,0.01
CCOc1ccc(NC(=O)NCCCN2CCOCC2)cc1F,0.01
COC[C@@H](C)CC(=O)N1CCC[C@H]1CCCO,0.01
CC(C)C[NH+](C1CCCC1)[C@H]1CC[C@@](CO)([NH2+]C2CC2)C1,0.01
CC(=O)N1c2ccccc2[C@@]2(O)N=C(C)S[C@@H]12,0.01
Cc1noc(C)c1[C@H](C)CNC(=O)C(=O)c1ccc(Cl)cc1,0.01
CC[C@H]1CCCCN1C(=O)[C@@H](C)OC(=O)c1cncc(C)c1,0.01
COc1ccccc1NC(=S)Nc1ccc(C(F)(F)F)cc1,0.01
COC[C@H]1CC[NH+](CC(C)(C)C(=O)OC)C1,0.01
Cc1cc(NC(=O)C2CCN(C(=O)NCc3ccc(F)cc3)CC2)no1,0.01
CCCc1cc(NC(=O)NCc2ccc(OC)c(O)c2)n(C)n1,0.01
CC(C)[NH+](CCCO)CC1(CS)CCC1,0.01
CCc1ccc2c(c1)[C@@H](Cl)[C@@H](C)[C@@H]2CC,0.01
COc1ccc(C)cc1NC(=O)CSc1cc(N2CCN(c3ccc(F)cc3)CC2)ncn1,0.01
O=C(CN1CCN(c2ccc(F)cc2)C1=O)N1CCN(c2ccccc2Cl)CC1,0.01
C[C@@H](OC(=O)Cc1cccc(C(F)(F)F)c1)C(=O)Nc1ncc(Cl)cc1Cl,0.01
CS(=O)(=O)c1ncc(C[NH+]2CCCC[C@@H]2c2nccs2)n1Cc1ccccc1F,0.01
COc1cc(C(=O)Nc2cc(C[NH+](C)C)n[nH]2)nn1C,0.01
CC(C)CCn1c(SCC(=O)N2CCCC2=O)nc2sc3c(c2c1=O)CCCC3,0.01
Cc1cc(OCc2nc(-c3cccc(F)c3)no2)nc(N2CCCCC2)n1,0.01
[NH3+][C@H](C(=O)[O-])c1cccc(CC(=O)[O-])c1,0.01
CC(=O)Nc1cc(NC(=O)N[C@H](C)c2ccncc2)ccc1F,0.01
Cc1cc(C)n2nc(C(=O)NCCCCc3ccccc3)nc2n1,0.01
C#CCN1C(=O)/C(=N/NC(=O)c2ccc(Cl)cc2)c2ccccc21,0.01
COC(=O)Cc1c(C)c2ccc3c(c2oc1=O)CN(Cc1ccc(Cl)cc1)CO3,0.01
C[C@H]1CCC[C@@H](N(C)C(=O)c2ccc(N3CCC(O)CC3)cc2)C1,0.01
COc1ccc(CN2C(=O)C[C@@H](C(=O)Nc3ccccc3Cl)S/C2=N\c2ccc(F)cc2)cc1,0.01
C[C@H]1Cc2ccccc2[C@H]1[NH2+]CC1(CS(C)(=O)=O)CC1,0.01
O=C(Cc1ccon1)N[C@H]1C[C@@H]1c1cccc(Cl)c1,0.01
O=C(Nc1ccc2[nH]ccc2c1)c1ccc2[nH]cnc2c1,0.01
CCC(=O)N(C)c1ccccc1C(=O)N[C@H](C)c1cc(C)c(F)c(C)c1,0.01
CCC[C@@H]([NH2+]C)[C@H](CC)N1C[C@@H]2CCC[NH+]2C[C@@H]1C,0.01
O=C([O-])[C@H]1CC[C@@H](C(F)F)[NH2+]1,0.01
C[NH+](C)[C@H]1CC[C@H](NC(=O)Cc2cccc(C(F)(F)F)c2)C1,0.01
CN(CCC#N)C(=O)Nc1ccc2nc(C3CC3)oc2c1,0.01
Cc1nc(NC(=O)NCc2nn(-c3ccccc3)c3c2CCC3)oc1C,0.01
O=C(COc1ccccc1F)NCc1cc(Cl)c2c(c1)OCCCO2,0.01
O=c1oc2ccccc2n1CN1CCO[C@@H](c2cccc(F)c2)C1,0.01
O=C1COCC(=O)N1Cc1cnn(-c2ccccc2)n1,0.01
C[C@@H](NC(=O)[C@@H]1Cc2ccccc2C(=O)O1)c1cc2ccccc2o1,0.01
CCCOc1ncnc(N[C@H](C)c2ccccn2)c1N,0.01
COC(=O)C1(N(C)C(=O)c2cc(-c3ccccc3)on2)CCCCC1,0.01
C/C(=N\O)c1ccccc1OC[C@@H](C)C(N)=O,0.01
O=C(/C=C/c1ccc(O)cc1)NC[C@@H]1CC[C@H](C(=O)[O-])O1,0.01
COc1ccccc1OCc1cc(C(=O)N2[C@H](C)CC[C@@H]2C)n[nH]1,0.01
c1ccc(Cn2ccnc2-c2cc3n(n2)CC[NH2+]C3)c(Cn2cccn2)c1,0.01
COCCn1c(C)cc(/C=C(/C#N)C(N)=O)c1C,0.01
CC(=O)c1cc[n+]([C@H](C)C(=O)Nc2ccc(Cl)c(Cl)c2)cc1,0.01
C/C=C(C)/C=C/C(=O)N1CC[C@@H](C(=O)OC)c2ccccc21,0.01
C=CCN(Cc1cccs1)C(=O)c1cccnc1,0.01
C[C@@]1(C(=O)[C@H](C#N)c2ccccc2Cl)CCCO1,0.01
NC(=O)NC[C@H]1CCCC[NH+]1Cc1ccc(-c2ccccc2Cl)o1,0.01
Cc1ccc([C@@H](C)CNC(=O)N2CC[C@H](C)[C@H](O)C2)cc1,0.01
CC(C)(C)OC(=O)N1CCc2cccc(C[NH+]3CC[C@H]([N+]4=CCCC4)C3)c21,0.01
C[C@H]1C[C@H](NCCS(=O)(=O)C(C)(C)C)C[NH+]1C,0.01
COc1cccc(CN2CCN(c3ccc4nncn4n3)[C@@H](C)C2)c1,0.01
Cc1ccc(NC(=O)[C@H](C)N2CCN(c3ccccc3F)CC2)c(F)c1,0.01
Cc1cc(F)ccc1CCNC(=O)NC(=O)CCl,0.01
COc1ccccc1-n1ccnc(NC(=O)c2ccc(C)cc2)c1=O,0.01
Cn1cccc1C(=O)NNC(=O)c1ccc(CSc2ncn[nH]2)cc1,0.01
CS(=O)(=O)CCSCc1cc(F)cc(/C=C/C(=O)[O-])c1,0.01
C[C@H](CCl)CS(=O)(=O)N1CCCNC(=O)C1,0.01
C[C@@H]1CN(C(=O)[C@@H]2CCN(c3ccc(F)c(F)c3)C2=O)C[C@@H](C)S1,0.01
Cc1ccc([N-]S(=O)(=O)c2c(C)noc2C)cc1NC(=O)c1ccncc1,0.01
O=C(Nc1nc2c(s1)C[NH+](Cc1ccc(OCc3ccccc3)cc1)CC2)c1cnccn1,0.01
Cc1ccc(C)c2[nH]c(=O)c([C@@H](c3nnnn3C(C)(C)C)[NH+]3CCC(C)CC3)cc12,0.01
Cc1cc(NCCNC(=O)c2nc(C)ncc2Cl)n2ncnc2n1,0.01
Cc1cc(Br)ccc1C(=O)N1CC[C@@H]2CC[C@H](C1)[NH+]2C,0.01
CS(=O)(=O)c1ccc(C(=O)[O-])o1,0.01
CC(C)c1ccccc1NC(=O)[C@@H](C)[NH+]1CCCN(S(C)(=O)=O)CC1,0.01
COc1ccc(NCc2ccsc2)c(OC)c1,0.01
COc1ccc(C(=O)C2=C([O-])C(=O)N(CC[NH+](C)C)[C@H]2c2ccc(Cl)cc2)cc1Cl,0.01
O=C1NC(c2ccccc2)(c2ccccc2)C(=O)N1CC(=O)N1CCC[C@H]2CCCC[C@H]21,0.01
CC(C)c1cccc(O[C@@H](C)C(=O)N2CCN(C(=O)CO)CC2)c1,0.01
NS(=O)(=O)c1ccc(CCNC(=O)c2cn(-c3ccccc3)nc2-c2cccs2)cc1,0.01
COc1ccc(NC(=O)[C@@H]2CC[C@H](C[NH3+])O2)cc1Br,0.01
C[C@H]1CN(C(=O)c2ccc(N3C(=O)[C@H]4CCCC[C@H]4C3=O)cc2)C[C@H](C)O1,0.01
CCN(Cc1ccccn1)C(=O)c1ccc(C#N)cn1,0.01
CCc1cnc(N2CCC([NH+]3CCC[C@@H](C(=O)N4CCCC4)C3)CC2)nc1,0.01
CS[C@H]1CC[C@@H](NC(=O)CN(CCc2ccccc2)C(C)=O)C1,0.01
CCC1(CC)CC[NH+](CCCC[NH2+]C)C1,0.01
COCCN(C(=O)NCc1ccccc1C)[C@H]1CCS(=O)(=O)C1,0.01
COc1ccc([C@@H]2C(C#N)=C(N)O[C@H]3N=NC(C)=C23)c2ccccc12,0.01
CSc1ccccc1C(=O)N[C@H]1CCCC[C@H]1[NH3+],0.01
Cn1c(C(=O)N2CCC[C@@H](C(=O)[O-])C2)cc2sccc21,0.01
CC[C@@H](O)C[NH+]1CCC[C@@H]1C1CCCC1,0.01
CC(=O)c1cc(C(N)=O)n(C)c1,0.01
O[C@@H](Cc1ccc2ccccc2n1)c1ccc(Cl)c(Cl)c1,0.01
COc1cccc(CN(C)S(=O)(=O)c2ccc(C(C)C)cc2)c1,0.01
Cc1c(Cl)nnc(NC[C@]2(C)CCCO2)c1C,0.01
COc1ccc(/C=N/NCc2ccccc2OC)c(OC)c1,0.01
Cc1cc(=O)oc2cc(OC(=O)C3CCOCC3)c(Cl)cc12,0.01
Cc1nn(C)c2ncc(NC(=O)N(C)[C@H](C)CS(C)(=O)=O)cc12,0.01
O=C(NCc1ccccc1)c1cccc(NC(=S)NC(=O)c2ccccc2Cl)c1,0.01
CC(C)[C@H]([NH2+][C@H]1CCCS[C@H]1C)C(=O)[O-],0.01
C[C@@H](SCCOc1cccc(Cl)c1)C(N)=O,0.01
COC(=O)[C@@H]1CC2=CC(=O)CC[C@]2(C)[C@@]23O[C@@H]2C[C@@]2(C)[C@@H](CC[C@@]24CC(=O)CO4)[C@H]13,0.01
C[C@@H]1CN(C(=O)c2c[nH]nc2-c2ccccc2F)CCO1,0.01
CCc1onc(C)c1NC(=O)N(Cc1ccc(Cl)c(Cl)c1)C1CC1,0.01
CC[C@@](C)(NC(=O)N1CCCC[C@@H]1C)C(=O)[O-],0.01
CCn1cnc(S(=O)(=O)N2CCC(C(=O)Nc3ccccc3OC)CC2)c1,0.01
Cc1ccc(C(=O)Nc2ccc(Cc3ccncc3)cc2)c(Cl)c1,0.01
NC(=O)[C@H](N=O)Nc1ccc(Cl)cc1F,0.01
C[NH2+]Cc1cccc(SCc2cccnc2OC)c1,0.01
Cc1cc(S(=O)(=O)NCc2ccnn2C)sc1Br,0.01
Cc1cccc(-n2nnnc2SCC(=O)Nc2ccccc2F)c1C,0.01
CN(Cc1nnc2n1CCCCC2)C(=O)C1CCN(c2nc3ccccc3o2)CC1,0.01
CCCN1C(=O)c2ccccc2N[C@@]1(CC)c1ccc(OCC)cc1,0.01
Cc1nc(C)c(C(=O)NCCc2ccc(F)cc2C)o1,0.01
CN(CCCNC(=O)Nc1ccc2c(c1)CCC(=O)N2)c1ccccc1F,0.01
Cn1c([C@H](C#N)C(=O)c2c(F)c(F)c(F)c(F)c2F)nc2ccccc21,0.01
COC(=O)C1=C(C(=O)c2ccccc2)[C@H](c2cc(OC)ccc2OC)N2NN=NC2=N1,0.01
N#CCC[C@H](C#N)CN1CCc2c(cccc2N2CCOC2=O)C1,0.01
C[C@@]1(C(=O)Nc2ccc(C#N)cc2)Oc2ccccc2NC1=O,0.01
COC(=O)c1ccc(C(=O)N(Cc2ccco2)c2nc3cc(OC)ccc3s2)cc1,0.01
CCC[C@@](C)(NC(=O)c1ccc([N+](=O)[O-])c(C)c1)C(=O)OC,0.01
CC[C@@H](CCCl)CNS(=O)(=O)c1sccc1Br,0.01
CC(=O)N1CCN(c2ccccc2CN2CC[NH+](CCC(C)(C)C)CC2)CC1,0.01
CC(C)CCNC(=O)N(CCCO)[C@H]1CCc2ccccc21,0.01
COC[C@H](O)C[NH+]1CCC(NC(=O)N[C@H]2CC=CCC2)CC1,0.01
CCC[C@@H](C)NC(=O)NCCc1c[nH]c2cc(C)ccc12,0.01
C[NH2+][C@@]1(C(N)=O)CC[C@@H](Oc2ccc(F)c(F)c2)C1,0.01
C[NH2+][C@]1(C(N)=O)CCC[C@H]1CC[NH+]1CCC[C@@H](C)C1,0.01
CC(=O)Nc1ccc2nc(NC(=O)c3ccncc3Cl)sc2c1,0.01
CC(C)c1cc(C(=O)OCCn2cnc3c2c(=O)n(C)c(=O)n3C)nn1C(C)(C)C,0.01
CCOCc1ccccc1Cn1c(=O)[nH]c2ccccc2c1=O,0.01
O=C(Nc1ccc2c(c1)OCCO2)c1ccc2nncn2c1,0.01
CCCOC[C@@H]([NH3+])[C@H]1COCCO1,0.01
CCC1(CNC(=O)NC[C@@H]2CCC[NH+](Cc3cccs3)C2)CC1,0.01
CCN[C@]1(C(N)=O)CC[C@H]([NH+]2CCC(C)(C)C2)C1,0.01
C[C@]12CCC(=O)C=C1CC[C@H]1[C@@H]2[C@H](O)C[C@@]2(C)[C@H]1CC[C@]2(O)C(=O)CO,0.01
O=C(CN1CC[NH+](Cc2ccccc2)CC1)Nc1cc(C2CC2)nn1-c1ccccc1,0.01
CC(=O)C1=NN(c2ccc(Br)cc2)[C@H]2C=CC[C@@H]12,0.01
CC(C)Oc1cccc(C[NH2+]Cc2ccccc2N2C[C@@H](C)O[C@@H](C)C2)c1,0.01
COCCn1cc(NC(=O)CSc2nc(C)c(C)c(C)c2C#N)cn1,0.01
CC(C)=C(NC(=O)c1ccccc1)C(=O)Nc1ccccc1,0.01
O=S(=O)(Cc1cccc(F)c1)c1cccc(F)c1,0.01
COC(=O)c1cc(NCc2cnc(C)cn2)cc(C)c1N,0.01
COc1c(CNCc2cccnc2-n2cncn2)c(C(C)C)nn1C,0.01
O=C(/C=C/c1cnccn1)NCC1(c2ccc(Cl)cc2)CCOCC1,0.01
C[C@@H]1COCCN1C(=O)c1nn(-c2ccc(F)cc2)cc1[O-],0.01
C[C@H]1COCCN1C(=O)CCNC(=O)c1ccccc1,0.01
CC[C@@H](C)C[C@H](CC)[NH+](CC)C1CCC([NH3+])CC1,0.01
CCn1cc(C(=O)Nc2cccnc2)c(=O)c2cc(F)c(N3CCN(C(C)=O)CC3)cc21,0.01
COCCc1ccc(OC(=O)c2nnn(-c3cccc4ncccc34)c2C)cc1,0.01
Cc1cccc(NC(=O)CN2CC[NH+](C[C@@H]3CCCO3)CC2)c1C,0.01
CSc1nc(C)c(CCC(=O)N[C@@H](C)c2ccccc2C)c(C)n1,0.01
Cc1cccc(NC(=O)CCc2c(C)c3ccc(O)cc3oc2=O)n1,0.01
CCCOc1ccc(-c2c[nH]c(=S)[nH]2)cc1,0.01
Oc1cccc(CN2CCOC3(CCC3)C2)c1,0.01
COc1cc2nc(C[NH+]3CCN([C@H]4CCS(=O)(=O)C4)CC3)[nH]c(=O)c2cc1OC,0.01
CCCc1nc(N2C[C@H]3CCCC[NH+]3C[C@@H]2C)sc1C[NH3+],0.01
Cc1ccc(C)c(C[NH2+][C@H](C)c2ccc(C)c(F)c2)c1,0.01
Clc1ccc(-c2ccc(CN[C@@H]3N=NNN3)o2)cc1,0.01
CCN1C(=O)N/C(=C/c2cc(Cl)c(OCc3cccc(C(=O)[O-])c3)c(OC)c2)C1=O,0.01
COc1cc(NC(=O)N2CCC(C[NH+]3CCC(C)CC3)CC2)cc(OC)c1OC,0.01
O=C(Nc1ccc(Cl)cc1)[C@H]1[C@@H]2C(=O)N(c3ccc(Cl)cc3Cl)C(=O)[C@@H]2[C@H]2C=CC=NN21,0.01
CCNC(=O)c1ccc(CNC(=O)c2ccc(=O)n(-c3ccccc3)n2)cc1,0.01
C[C@]12C(=O)N(CCCO)CC(=O)N1C[C@H](c1ccc(Cl)cc1)C1=c3ccccc3=[NH+][C@@H]12,0.01
CCC[NH2+][C@H](c1ccccc1OC)[C@@H]1C[NH+](C)CCN1C,0.01
COC(=O)c1ccc(C(=O)NNc2cccc(F)c2F)cc1,0.01
Cc1ccc(C)c(Cn2nc(-c3ccc(C)c(S(=O)(=O)N4CCCC4)c3)ccc2=O)c1,0.01
O=C(Nc1ccccc1C(=O)Nc1ccc(F)cc1)c1cc2cccn2cn1,0.01
CC[C@H](C)Oc1cccc(NC=C2C(=O)OC(C)(C)OC2=O)c1,0.01
CSc1ccc([C@H](C)[NH2+]C[C@@H](O)C2CCOCC2)cc1F,0.01
CC(C)[C@H]1CC[C@@H](C)CC1=C(F)C(=O)[O-],0.01
COc1cc(C(=O)Nc2nc(CN3CCc4ccccc4C3)cs2)cc(OC)c1OC,0.01
CCn1cc(NC(=O)C2CC[NH+](Cc3ccc(COC)o3)CC2)cn1,0.01
Clc1ccc(OC2CC[NH2+]CC2)cc1Cl,0.01
CO[C@@H](C)c1noc(C[NH+]2CCCN(Cc3n[nH]c(=O)[nH]3)CC2)n1,0.01
CO[C@@H]1CN[C@@H](c2nc3ccc(N(C)C)nc3[nH]2)C1,0.01
CCc1nn(C)cc1C[NH2+]Cc1ccc(F)cc1CSC,0.01
CCCC(=O)N1C[C@H](C)C[C@H]1c1ccccc1F,0.01
C[C@H]1CCc2nc(CN(C)[C@@H](C)CS(C)(=O)=O)sc2C1,0.01
COC(=O)c1ccccc1S(=O)(=O)Cc1ncc(C)o1,0.01
CN(C(=O)CCCCC(=O)[O-])C1CC[NH+](C)CC1,0.01
Fc1cccc([C@@H](NC2CC[NH+](C3CCCCC3)CC2)c2ccccn2)c1,0.01
CCc1cc2cc(OC)ccc2nc1SCC(=O)NNC(=O)c1cccc(C)c1,0.01
Cc1ccc2c(COC(=O)c3ccc(-n4cnnn4)cc3)cc(=O)oc2c1,0.01
COc1ccc(OCC[NH+]2CCC[C@@H]2CC(C)=O)cc1,0.01
C[C@H]1[C@H](Cc2cccc(O)c2)CC[C@@H]1Cl,0.01
Cc1cc(Cc2ccccc2)cc([C@H]2CCC[NH+](Cc3cccnc3)C2)n1,0.01
CC(C)c1cc(C(=O)N2CCC[C@H](c3ccc(Cl)cc3)C2)on1,0.01
O=C(c1ccccc1-n1cccn1)N1CCN(Cc2cccc(F)c2)CC1,0.01
CC[C@H](C)[C@@H](NC(=O)/C=C/c1csc(C)n1)C(=O)[O-],0.01
NC(=O)[C@@H]1CCN(C(=O)NCc2ccccc2OC2CCCC2)C1,0.01
CNc1c(N/C(O)=[NH+]/Cc2ccc(F)cc2)c(=O)oc2ccccc12,0.01
C=CCNC(=O)COc1ccc(CO)cc1Cl,0.01
Cc1ccc(C(C)C)c(OCC(=O)NCc2ccc(-c3csc(C)n3)o2)c1,0.01
O=C(NCC[C@@H]1C[C@H]2CC[C@@H]1C2)N1CCCC1,0.01
COc1ccc(Cl)cc1NC(=O)c1ccc(=O)n(Cc2ccccc2F)c1,0.01
CCOc1ccc2c(c1)CN(C(=O)Nc1c[nH]nc1-c1ccccn1)CC2,0.01
CCCNC(=O)CO/N=C1\CCOc2ccccc21,0.01
CC[NH+](CC)CCn1/c(=N/C(=O)[C@H]2CCO[C@@H]2C)[nH]c2ccccc21,0.01
CC(C)(C)C(=O)/C=C1/SCC(=O)N1Cc1cc2c(cc1Br)OCCO2,0.01
Cc1nccn1Cc1ccc(NC(=O)C[NH+](C)[C@@H]2CCS(=O)(=O)C2)cc1,0.01
O=c1[nH]c2ccccc2cc1CNC[C@@H](O)c1ccc(F)cc1F,0.01
O=Cc1cccc(OCC(=O)N[C@@H]2CCOc3ccccc32)c1,0.01
O=C(Cn1cnc([N+](=O)[O-])n1)c1ccccc1OC(F)F,0.01
COC(=O)c1cc(C[NH+]2CCC[C@@H]2C(=O)Nc2nccs2)c(C)s1,0.01
CC(C)C[C@H](CNS(=O)(=O)c1cccc(F)c1)N1CCOCC1,0.01
CCCN1C(=O)[C@@](O)(CC(=O)c2ccncc2)c2cc(Cl)ccc21,0.01
CN1CCN(C(=O)Nc2ccccc2Br)Cc2ccccc21,0.01
COc1ccc(CN2C(=O)O[C@@H]3CN(Cc4cc(C)cc(C)c4)C[C@@H]32)cc1OC,0.01
COc1ccccc1C(=O)N[C@H](C(=O)Nc1ccc(Cl)cc1C)C(C)C,0.01
Cc1nc(C)c(C(=O)Nc2cccc(NC(=O)NCc3ccncc3)c2)o1,0.01
Cc1nn(C)cc1C(=O)N1CCC([C@@H]2Nc3ccccc3S(=O)(=O)N2)CC1,0.01
CC[C@@H](C)CN(C)c1cccc(F)c1C(N)=[NH2+],0.01
Cc1nnc2ccc(N[C@@H](C)[C@@H](OC3CCOCC3)c3ccccc3)nn12,0.01
CN(C)C(=O)C[NH+](C)[C@H]1CCCCC[C@@H]1C#N,0.01
C[C@H]1CCCC[C@@H]1NC(=O)C[S@@](=O)Cc1cccc(Cl)c1,0.01
O=C(CSc1nc2cc(Cl)ccc2o1)Nc1cc(F)ccc1F,0.01
C[C@@H](NC[C@@](C)(O)c1ccc(F)cc1)c1ccc(S(C)(=O)=O)cc1,0.01
Cc1ccc(CC[NH2+]C2CCN(c3ccc(C(=O)N4CCC[C@H](O)C4)cc3)CC2)cc1,0.01
CC(=O)c1c(C)[nH]c(C(=O)N2C[C@@H](C)Oc3ccc(C)cc32)c1C,0.01
COc1cc(C(=O)c2ccc(Br)cc2)ccc1Cl,0.01
CN(C)c1ccc(CCNC(=O)N2CCN(c3ccc(F)cn3)CC2)cc1,0.01
Cc1nc(-c2ccccc2)sc1[C@H](C)Nc1ncnc2nc(N)ccc12,0.01
Cc1ccccc1N1C[C@H](C(=O)Nc2nc3c(s2)C(=O)CC(C)(C)C3)CC1=O,0.01
C[C@H](C[NH3+])[C@@]1(O)CCCC1(C)C,0.01
NC(=O)[C@@H]1COCCN1C(=O)CC(c1ccccc1)c1ccccc1,0.01
C[NH+](C[C@@]1(N)CCOC1)C1CCC(C)(C)CC1,0.01
C[C@H](C[NH2+][C@H](C)c1ccccn1)[S@](C)=O,0.01
Cc1ccc(CCC(=O)N[C@@H](c2ccc(Cl)cc2)c2noc(C)n2)o1,0.01
C[C@H](NC(=O)CSc1nncn1-c1ccccc1F)C1CC1,0.01
CCc1ccc(-c2cnc(C[NH2+]C(C)C)o2)o1,0.01
O=S1(=O)C2(Br)C=C[C@@H]3[C@H](C=C2)C31Br,0.01
C[C@H]1CCN(C(=O)Nc2cc(C(F)(F)F)c[nH]c2=O)[C@H](C)C1,0.01
Cc1ccc(-n2nc(C)cc2NC(=O)CCc2ccc3c(c2)OCO3)cc1,0.01
C=CC[NH2+]Cc1cc2c(C)nn(-c3ccccc3)c2[nH]c1=O,0.01
C=C(C)COC(=O)c1ccc(Cl)c(S(=O)(=O)NC(C)(C)C)c1,0.01
Cc1ncc2c(n1)CCN(S(=O)(=O)c1cccc3cccnc13)C2,0.01
COc1cccc(CNC(=O)Cn2ncc3c4ccccc4n(C)c3c2=O)c1,0.01
C[C@H](NC(=O)c1cccnc1C(F)(F)F)c1ccc(Cl)s1,0.01
COc1ccc(CN(C(=O)[C@@H]2[C@@H](C=C(C)C)C2(C)C)[C@H]2CCS(=O)(=O)C2)cc1OC,0.01
CC1=C2C(=C(NC(=O)CSc3nnc([C@H]4CC5=C(CC[C@H](C)C5)S4)o3)O[C@H]2C)C(=O)N=N1,0.01
COc1ccc(NC(=O)/C(C#N)=C/c2c(Oc3ccccc3F)nc3ccccn3c2=O)cc1,0.01
Cc1cc(F)ccc1-n1ncc(S(C)(=O)=O)c1N,0.01
Cc1cc(C)c(NC(=O)CNC(=O)CC(c2ccccc2)c2ccccc2)c(C)c1,0.01
C[C@H](NC(=O)c1n[nH]c2ccccc12)c1ccncc1,0.01
Cc1noc(C)c1[C@H](C)C(=O)Nc1cc(Br)ccc1F,0.01
C/C(=C/CC[NH2+]C(C)C)C1C[C@@H](C)C[C@H](C)C1,0.01
COc1ccc(-n2c(N)c(C(=O)NCc3ccccc3OC)c3nc4ccccc4nc32)cc1,0.01
COc1cc(=O)n(-c2ccccc2)nc1C(=O)N1CCC[C@@H](C)C1,0.01
CC1(C)C[C@@H](NC(=O)CC[C@@]2(Cc3ccc4ccccc4c3)CCC(=O)N2)CCO1,0.01
C[C@@H]1CCc2c(sc3nc(CN4CCOCC4)nc(N[C@H](c4ccccc4)c4ccccn4)c23)C1,0.01
CCN(C(=O)Nc1ccc(C)c(S(=O)(=O)NC)c1)C1CCCC1,0.01
COc1ccccc1O[C@@H](C)CNc1cc(C)cc(C)c1,0.01
CN(C)c1cccc(C(=O)N2CCC[C@H]2c2nc(C3CC3)no2)c1,0.01
CCc1cccc(CC)c1NC(=O)c1cnn2cc(Br)cnc12,0.01
CC(C)[C@H](NC(=O)c1ccccc1F)C(=O)Nc1ccc(N2CCCC2=O)cc1,0.01
C[C@@H]1CN(C(=O)c2c[nH]c3ccc(Br)cc23)C[C@@H](C)O1,0.01
Cc1nn(C(C)C)cc1-c1cccc2c1O[C@H](C[NH3+])C2,0.01
C[C@H]1CN(CCCNC(=O)C(F)(F)F)C[C@H](c2ccsc2)O1,0.01
Cc1c(C(=O)NC[C@@H](c2ccccc2)[NH+](C)C)sc2nc3n(c(=O)c12)CCCCC3,0.01
C[C@@H]1CN(c2ccc(C[NH3+])cc2)C[C@H]1C,0.01
Cc1nc([C@@H]2CCCN(C(=O)c3c(C)[nH]c4c3C(=O)CCC4)C2)cc(=O)[nH]1,0.01
O=C(CC[NH+]1CCC[C@@H](C(=O)[O-])C1)Nc1cccc(F)c1,0.01
C/[NH+]=C(/NCCc1sc(C)nc1C)N[C@@H]1CCC[C@H](C(F)(F)F)C1,0.01
C[C@@H]([C@H]1CC=CS1)n1nccc1NC(=O)CC1(CC(=O)[O-])CCCCC1,0.01
O=C(Nc1ccccc1)C1CCN(C(=O)COc2cc(Cl)ccc2Cl)CC1,0.01
COCCC[C@@H]1CCCN(C(=O)Cc2c[nH]c(=O)[nH]c2=O)C1,0.01
CC1CCN(C(=O)c2[nH]cnc2C(=O)NCc2ccccc2)CC1,0.01
NC1=[NH+]C[C@H](C2CCCC2)N1C[C@@H]1CCCO1,0.01
CC(=O)N[C@H]1CCCN(C(=O)c2n[nH]c(C3CC3)n2)C1,0.01
CCOCCN(C)C(=O)Nc1ccc(-c2nnc(C)o2)cc1,0.01
COc1ccc(-n2c(C)nc3nc([NH+]4CCCC4)nc([O-])c3c2=S)cc1,0.01
CO[C@@]1(C)C[C@@H](NC(=O)c2scnc2C2CC2)C1(C)C,0.01
O=C(CCCc1nc(-c2ccc(Cl)cc2)no1)NN1CCOCC1,0.01
CC1(C)CCC[C@@H]([S@@](=O)c2ccccc2F)[C@H]1[NH3+],0.01
O=C(Nc1ccccc1)c1cccc(N2C(=O)CCS2(=O)=O)c1,0.01
COc1ccc(/C=C/C(=O)N[C@@H](C)C(=O)N(C)Cc2ccco2)cc1,0.01
COc1ccc(CN(C(=O)c2cccnc2)C2CC2)c(OC)c1,0.01
Cc1c(C(=O)Nc2ccc(Br)cc2)sc2nc3n(c(=O)c12)CCCCC3,0.01
Cc1ccsc1CN1CCO[C@H](c2ccsc2)C1,0.01
O=C(CNC(=O)c1sc2ccccc2c1Cl)N/N=C/c1ccccc1Cl,0.01
Cc1cc(SC(C)(C)C)ccc1NC(=O)N1C[C@@H](C)O[C@@H](C)C1,0.01
O=C(NCCC1=c2ccccc2=[NH+]C1)C1CCN(c2ncnc3c2sc2ncccc23)CC1,0.01
COc1ccc(CN2CCOC3(CCCC3)C2)cc1OC,0.01
CCS[C@@H]1CC[C@H](NC(=O)N(CCCO)[C@@H]2CCc3ccccc32)C1,0.01
CCCN(C(=O)CSc1ccccc1)[C@H]1CCS(=O)(=O)C1,0.01
COc1cc(C=O)ccc1OCC(=O)N1N=C(c2cc3ccccc3o2)C[C@H]1c1ccco1,0.01
COc1ccc(C(=O)N2CCCC[C@@H]2CCNC(=O)c2ccccc2)cn1,0.01
Cc1ccc(C(=O)[C@H](C)Sc2nnc(-c3ccc4c(c3)OCO4)o2)cc1,0.01
O=C(NC1CCCCC1)/C(=C/c1ccco1)NC(=O)c1ccccc1,0.01
COc1ccc([C@H](CNC(=O)c2ccc(C)cc2C)N2CCOCC2)cc1OC,0.01
C#CCNC(=O)N[C@H](C)c1ccc(NC(=O)c2ccc(F)cc2)cc1,0.01
C[C@@H]([NH2+]Cc1ccccc1)c1ccccc1Cl,0.01
Cc1noc(-c2cc[nH+]c(N3CCO[C@H](c4ccccc4Cl)C3)c2)n1,0.01
O=C(NCc1ccccn1)c1n[nH]c2cccc(Cl)c12,0.01
Cn1c(=O)[nH]cc(CC(=O)N2CCCN(c3ccc(F)cc3)CC2)c1=O,0.01
CCc1ccsc1C(=O)N(CC(=O)[O-])c1ccccc1N,0.01
C[C@@H]([NH2+]CC(=O)N1CCN(c2cnccn2)CC1)[C@H](C)n1cccn1,0.01
COc1cccc([C@@H]2[C@@H]3C(=O)N(c4ccc(C)cc4)C(=O)[C@H]3ON2c2ccccc2)c1O,0.01
CCCOc1ncnc(Sc2ccc(F)c(F)c2)c1N,0.01
CN(C(=O)CCCn1cncn1)c1ccc(Oc2ccccc2)cc1,0.01
COc1ccc2nc(NC(=O)[C@H](NC(=O)c3ccc(C)cc3)C(C)C)sc2c1,0.01
C[C@H]([NH2+]C[C@H]1C[C@H](C)[NH+](Cc2ccccc2)C1)c1ccsc1,0.01
C[C@H](NC(=O)[C@@H]1CCC(=O)N1)c1cccc(C(F)(F)F)c1,0.01
CCNc1nc2c(C)cccn2c(=O)c1/C=C1/SC(=S)N([C@H]2CCS(=O)(=O)C2)C1=O,0.01
Cn1c(=O)c2[nH]c(N3CCC[C@@H](C(=O)NCc4ccccc4)C3)nc2n(C)c1=O,0.01
CCCCOC(=O)c1sc2[nH+]c(C)cc(C)c2c1N,0.01
CCOC(=O)/C(CC)=C(\C)NNC(=O)c1ccccc1I,0.01
COc1cc(C(=O)NC[C@@H]2CN(Cc3ccccc3)CCO2)cc(Cl)c1OC,0.01
Cc1cc(O)c(C(C)C)cc1NC(=O)c1ccc(CNS(C)(=O)=O)o1,0.01
N#Cc1ccc(CNC(=O)CCOC2CCOCC2)cc1,0.01
COc1cc(C(=O)NCc2ccc(C)cc2)ccn1,0.01
COc1cc([C@@H]2C(C(=O)OCC(C)C)=C(C)N=C3C[C@@H](c4cccs4)CC(=O)[C@@H]32)ccc1O,0.01
CN(C)C(=O)c1ccc(NCc2ccnn2C)nn1,0.01
Cn1c(C(=O)N(CC[NH+](C)C)C[C@@H]2CCCO2)cc2ccccc21,0.01
CCc1noc(CC)c1CC(=O)NCC(C)(C)[NH+]1CCC[C@H](C)C1,0.01
O=S(=O)(Nc1cccc(S(=O)(=O)Nc2cccc(Cl)c2)c1)c1ccc(F)cc1,0.01
CC1=C[C@@H]([C@H]2CCCN2C[C@H]2C=NN=C2c2ccc(C)c(C)c2)NO1,0.01
O=C(NCC#CCOc1ccccc1F)[C@@H]1COc2ccccc2O1,0.01
CC[NH2+][C@H](c1ccsc1)[C@@H]1CN(CC)CCO1,0.01
C[C@@H](CCNC(=O)[C@H](C)n1nnc(-c2ccccc2)n1)c1ccccc1,0.01
CCCNC(=O)NC(=O)CN1CC[NH+](Cc2ccc(OC)c(F)c2)CC1,0.01
COC(=O)[C@@]1(C(C)C)O[C@]12CCO[C@H](C)C2,0.01
Cc1cnc([C@@H](C)NC(=O)C(=O)Nc2ccccc2OC(C)(C)C)s1,0.01
O=C(NCc1c(O)ccc2c1CCCC2)c1ccc(F)cc1Cl,0.01
COc1ccc(C[NH+]2C[C@@H](C)[C@@H](C)C2)cc1Br,0.01
COc1ccc(CCCC(=O)Nc2cccn(C)c2=O)cc1F,0.01
C#CCNC(=O)C[C@@H]1c2nc(NC(=O)C3CCCCC3)sc2C[C@@H]2[C@](C)(CO)[C@H](O)CC[C@]21C,0.01
CC(C)CN(CC[NH+](C)C)C(=O)Nc1cc(F)cc(S(N)(=O)=O)c1,0.01
O=C(NC1CCCCC1)[C@@H]1CCC[NH+](C2CCN(Cc3ccncc3)CC2)C1,0.01
CC(C)CC(=O)Nc1cccc(CNC(=O)N2CCOCC[C@H]2C)c1,0.01
C[C@H](NC(=O)[C@@H]1C[N+](C2CCCCC2)=C[C@H](C(=O)NC(C)(C)C)C1=O)c1nc2ccccc2[nH]1,0.01
O=C(N[C@H](NCc1ccc(Cl)cc1)C(Cl)(Cl)Cl)c1cc2ccccc2oc1=O,0.01
Cc1ccccc1SCC(=O)N1CCC[C@H]1C(N)=O,0.01
O=C(N[C@@H]1CCC[C@@H]1O)c1ccccc1,0.01
COc1ccc(C)cc1[C@@H](C)NC(=O)Nc1ccc(C)s1,0.01
COCC[C@@H](C)C(=O)Nc1ccc(-n2ccnc2)c(F)c1,0.01
C[C@H](CSc1nnc(N)n1C1CC1)c1ccccc1,0.01
Cc1cccc(OCCn2cnc3sc4c(c3c2=O)CCC4)c1,0.01
C[C@@H](CC(=O)OC(C)(C)C)NC(=O)c1csc(-c2ncccn2)n1,0.01
CS[C@H](CO)[C@@H](C)NC(=O)CCn1ccc2cc(Cl)ccc21,0.01
CCC[NH+](C)C[C@H]1CCN(C(=O)c2sccc2-n2c(C)ccc2C)C1,0.01
CC(C)COCCCNC(=O)N1C[C@@H](C)c2ccccc21,0.01
Cc1ccccc1COC1CCN(C(=O)N[C@@H](C)[C@@H]2CCCO2)CC1,0.01
Cc1sc(C(=O)Nc2ccc(F)cc2)cc1S(=O)(=O)N(C)C,0.01
Cc1cc(C(=O)NCC[C@H]2CCCN(C(=O)OC(C)(C)C)C2)on1,0.01
O[C@@H]1[NH+]=C([S-])N(c2ccccc2)[C@H]1O,0.01
CCNC(=O)[C@H]1CCN(C(=O)c2cc(Cn3cnc4ccccc43)[nH]n2)C1,0.01
CCCCOCc1cc(F)cc(Br)c1,0.01
Cc1noc2ncc(C(=O)N3CCN(C(C)C)CC3)cc12,0.01
C/C=C/C=C/C=C/C(=O)O[C@H]1C=C(C=O)[C@](O)(C(=O)[O-])[C@@]2(C)CCCC(C)(C)[C@@H]12,0.01
COc1ccc(F)cc1S(=O)(=O)NCCc1c(C)[nH]c2c(Cl)cccc12,0.01
Cc1cccc(N2C(=O)C[C@H](c3ccccc3)C3=C2COC3=O)c1,0.01
CC(C)[C@H]1CC[C@@H](C)C[C@H]1NC(=O)NCCCOC1CCOCC1,0.01
O=C([O-])C1=N[C@H]2NC=NN2[C@@H]([C@H]2C=NN=C2c2ccc(F)cc2)C1,0.01
Cc1cc(C)c2c(=O)cc(C(=O)N(Cc3ccc(Cl)cc3)[C@@H]3CCS(=O)(=O)C3)oc2c1,0.01
Cc1ncccc1NC(=O)OCCO,0.01
COc1ccc(C(=O)NC(=O)COC(=O)[C@H]2C[C@@H]2C)cc1,0.01
COC(=O)[C@H](C)SCC(=O)N(C)Cc1ccc(C)o1,0.01
CC(=O)c1cccc(NC(=O)c2c(C)nn(-c3ccccc3)c2-n2cccc2)c1,0.01
CCC[C@]1(O)C[C@@H](c2ccc(OC)cc2)[NH2+][C@H](c2ccc(OC)cc2)[C@@H]1C,0.01
CC(=C/c1ccccc1)/C=N/NC(=O)CNC(=O)c1cccc(Br)c1,0.01
COc1cc(NCC(=O)N2[C@H](C)CCC[C@@H]2C)c(OC)cc1Cl,0.01
C[C@@H]1CC(C(=O)NCc2ccnc(OCC(F)(F)F)c2)C[C@H](C)O1,0.01
COC(=O)c1c(O)cccc1CCc1ccc2ccccc2c1,0.01
COc1ccccc1NC(=O)CN1C(=O)C[C@H](C)C1=O,0.01
CN(C)C(=O)c1ccc(NS(=O)(=O)c2ccc3c(c2)OCCCO3)cc1,0.01
CCC[C@@H]([NH3+])C(=O)Nc1cc(CC)ccc1O,0.01
Cc1ccc([C@]2(c3ccccc3)NC(=O)N(CC(=O)c3cccs3)C2=O)cc1C,0.01
COCC(=O)NCC[C@H]1C[C@H]2CC[C@@H]1C2,0.01
CC[C@H](Oc1ccccc1)C(=O)NNC(=O)c1sc2ccccc2c1Cl,0.01
CCOC(=O)N1CCC[C@H](c2nc(-c3ccc(C#N)cn3)no2)C1,0.01
O=C(Cn1cnc(S(=O)(=O)N2CCCC2)c1)N1CCN(Cc2ccc3c(c2)OCO3)CC1,0.01
Cc1nc(C)n([C@H](C)CC(=O)N[C@H](Cc2ccsc2)c2cccnc2)n1,0.01
O=S(=O)(c1ccc(F)cc1F)N1CCN(C[C@H](O)C2CC2)CC1,0.01
COc1ccc(F)cc1-c1cc(C(=O)[O-])n(C)n1,0.01
O=S(=O)(Cc1csc(-c2ccc(Cl)cc2)n1)C[C@@H]1CCCO1,0.01
CO[C@@H](C)COC(=O)c1nc(C2CC2)n2ccccc12,0.01
CC(C)n1ncc2cc(CN3CCO[C@H](C)[C@H]3C)c(Cl)nc21,0.01
Cc1ccc(CCNC(=O)N2CCC[C@H]2c2ccc3c(c2)OCCO3)c(C)c1,0.01
Cc1ccc(OCCCCn2c(CO)nc3cc(C)c(C)cc32)c(C)c1,0.01
[NH3+][C@@H](CCOc1ccccc1)[C@@H]1CCc2cccnc21,0.01
Cc1ccccc1/C=N/NC(=O)c1ccn(Cc2cccc(Br)c2)n1,0.01
O=C(CS[C@@H]1CCS(=O)(=O)C1)NCc1cccc(Cl)c1,0.01
C[C@@H]1CCCN(C(=O)N[C@@H]2CCCCC[C@@H]2C(=O)[O-])C1,0.01
CCc1nc(CCNC(=O)N[C@@H]2CC=CCC2)sc1C,0.01
Cc1nc(-c2cccc(CNC(=O)c3cccc(C)c3O)c2)n[nH]1,0.01
CCN(CC)C(=O)CC[NH2+][C@@H](C)c1cc(F)cc(F)c1,0.01
O=C(/C=C/c1ccc(Br)cc1)Nn1c(-c2ccncc2)nc2ccccc2c1=O,0.01
CC[C@@H](C)C(=O)CN1C(=O)N[C@](C)(c2ccc3c(c2)CCC3)C1=O,0.01
C[C@@H](O)C[C@@H]1CCCCN1C(=O)Cc1cccc(F)c1,0.01
Cc1ccc(NC(=O)/C(C#N)=C2\NC(C)(C)Cc3ccccc32)c(C)c1,0.01
CC(C)CCC[C@@H](C)NC(=O)N1CC[C@H]([N+]2=CCCC2)C1,0.01
O=C(NCc1ccco1)c1cccc2c1CCN2C(=O)c1ccc(F)cc1,0.01
CCn1cc(C#N)c(=O)n(Cc2ccc(C#N)cc2F)c1=O,0.01
CC[C@H]1CC[C@](C[NH3+])(C[C@@H]2COc3ccccc32)C1,0.01
CCO[C@H](CCNC(=O)Nn1cnc2ccccc21)C1CCCC1,0.01
O=C([C@@H]1SCCc2sccc21)N1CCO[C@@H](c2ccccc2)C1,0.01
O[C@H](Cc1ccc(Br)cc1)[C@@H]1CSCCO1,0.01
Cc1ccc(-n2c(=O)c3cccnc3n2CC(=O)Nc2ccc(C)c(Cl)c2)cc1C,0.01
COc1ccc(CCCC(=O)Nc2nc3c(s2)COCC3)cc1F,0.01
CCNS(=O)(=O)[C@H]1CCN(C(=O)[C@H]2C[C@@H]2c2sccc2C)C1,0.01
CCCn1cc([C@H]([NH2+]CC)[C@@H]2CN(C)CCO2)cn1,0.01
Cc1ccccc1COc1ccc([C@@H]2C3=C(CCCC3=O)Nc3nnnn32)cc1,0.01
O=C(NNC(=O)c1ccc2ccccc2n1)N[C@H]1CC[NH+](CC2CC2)C1,0.01
CCOc1cc(CN2CCC3(C2)OCCO3)ccc1OC(F)F,0.01
Cc1cc(N2CC[C@@H](NC(=O)NC3CCCCC3)C2=O)ccc1F,0.01
Cn1ccnc1CC[NH2+][C@@H]1CCO[C@]2(CCOC2)C1,0.01
Clc1ccc(Br)c(C[NH2+]C2CCC3(CC2)OCCO3)c1,0.01
Cc1cc[nH+]c(N(C)C[C@H]2CCCN2C(=O)OC(C)(C)C)c1,0.01
Cc1ccc(/C=C/C(=O)[O-])cc1C(=O)N1C[C@@H](C)[C@H](C)C1,0.01
Cc1cc(N)ccc1S(=O)(=O)N1CCc2ccccc21,0.01
CC[C@@H]([NH3+])[C@@H](C)Sc1ccncc1,0.01
CC1(C)CC(=O)C2=C(C1)N[C@@H]1N=NC(O)=C1[C@H]2c1ccc2c(c1)OCO2,0.01
CCOc1c(F)cccc1C(=O)NCCC(=O)N1CCCCCC1,0.01
Cc1ccc(Cl)cc1NC(=O)CCCCl,0.01
CCc1nc(C[NH+]2CCCC[C@H]2CNS(C)(=O)=O)cs1,0.01
CC(=O)N[C@@H](CCCN1C(=O)c2ccccc2C1=O)c1nnn[n-]1,0.01
COc1ccc(Cc2nnc(SCC(=O)Nc3cccc(O)c3)n2C)cc1,0.01
NS(=O)(=O)c1cccc(NC(=O)CSCc2cccc(Cl)c2)c1,0.01
CC(C)OC(=O)[C@H](C)CNC(=O)N1C[C@H](C)O[C@@H](c2ccccc2)C1,0.01
CCc1cnc(C)nc1N1CCC[C@]2(CCC(=O)N(CC[NH+](C)C)C2)C1,0.01
Cc1ccc(-n2ccn3c(SCC(=O)Nc4cccc(F)c4)nnc3c2=O)cc1C,0.01
COc1cccc([C@@H]2CN(Cc3cn(C)c(=O)n(C)c3=O)CCO2)c1,0.01
CCCCCNS(=O)(=O)c1ccc(N2C(=O)CCCC2=O)cc1,0.01
COc1ccc([C@@](C)(NC(=O)c2csc(C)n2)C(=O)[O-])cc1,0.01
OCCc1cn(CC2CC[NH+](C3Cc4ccccc4C3)CC2)nn1,0.01
CCC1(CC)[C@@H](NC(=O)c2cccnc2C)[C@@H](C)[C@@H]1OC,0.01
C[C@@H]1CN(C(=O)N[C@@H]2CCCCC[C@@H]2C(=O)[O-])C[C@H]1C,0.01
CC(C)(C)OC(=O)N1CCC[C@H]1/C([O-])=N/S(C)(=O)=O,0.0
O=C(CC[NH2+][C@@H](c1ccc(F)cc1)C1CCCC1)N1CCCC1,0.0
COc1ncnc(N2CCC[C@H]2C2CCCC2)c1N,0.0
C[C@H](NC(=O)NCC(C)(C)[NH+](C)C)c1ccc(C(F)(F)F)cc1,0.0
CCC[NH+](CC(=O)NC)CC(=O)N1[C@H](C)CCC[C@@H]1C,0.0
CCOC(=O)C1CCN(C(=O)[C@@H](C)OC(=O)[C@H]2Cc3ccccc3C(=O)O2)CC1,0.0
O[C@@H](c1nc[nH]n1)[C@@H]1CCc2cccnc21,0.0
O=C(c1ccc(Cl)cc1)N1CCC[C@H](C(=O)N2CCN(S(=O)(=O)Cc3ccccc3)CC2)C1,0.0
COc1ccc(CCC(=O)Nc2ncccn2)cc1Br,0.0
C/C(=N\CC[NH+]1CCCCC1)[C@H]1C(=O)N(c2ccc(C)cc2)C(=O)N=C1O,0.0
CCC[C@@H]1C[C@@H]1NC(=O)NCC1(S(C)(=O)=O)CCOCC1,0.0
O=C(Nc1ccccc1C(=O)[O-])c1ccc2c(c1)C(=O)N(Cc1ccccc1)C2=O,0.0
C[C@H]1CCC[C@H](C)N1C(=O)CN(C)c1ccccc1F,0.0
CSc1ccc(NC(=O)C(=O)NCc2cccc(Cl)c2)cn1,0.0
COc1cccc(O[C@@H]2CCCCC[C@@H]2[NH3+])c1,0.0
CC[C@H](NC(=O)/C=C/c1ccccc1OC)C(=O)N1CCOCC1,0.0
CC(C)[C@H](Cn1nc(C2CC2)ccc1=O)NC(=O)c1cc2ccccc2oc1=O,0.0
CC(C)C[C@@H](C)NS(=O)(=O)Cc1ccc(C[NH3+])cc1,0.0
O=C(CCCc1cc(Cl)sc1Cl)N1C[C@H]2CC=CC[C@H]2C1,0.0
N#CC1=C[C@@H](Br)[C@@]23CC12[C@@H](Br)C=C3C#N,0.0
CS(=O)(=O)c1ccccc1NCc1ccc(Br)s1,0.0
CC[NH+](CC)CCNC(=O)N[C@@H]1C[C@@H](C)N(c2ccccc2)C1,0.0
Cc1ccc(CCC(=O)N[C@H](C(N)=O)c2ccccc2)cc1,0.0
Cc1nonc1C[NH+](C)Cc1ccccc1Oc1ccccc1,0.0
CN(Cc1cccs1)C(=O)CCc1cnn(-c2ccccc2)c1,0.0
CCOC(=O)COc1cccc(NC(=O)C(C)(C)F)c1,0.0
O=C(N[C@@H](Cc1ccccc1)C(=O)N1CCN([C@H]2CCS(=O)(=O)C2)CC1)c1cccs1,0.0
COC(=O)c1csc(N2N=C(c3ccccc3O)C[C@@]2(O)C(F)(F)F)n1,0.0
[NH3+]C[C@@H](c1ccccc1F)[NH+]1CCCCC1,0.0
CCN(C[C@H]1CCOC1)C(=O)c1cc(-c2ccc(Cl)s2)on1,0.0
C[C@H]1CC[C@H](C)[NH+]1CCN1CCN(C(=O)N[C@@H]2CCCC2(C)C)CC1,0.0
COc1ccc(NC(=O)NC[C@H]2C[C@H](O)C[NH+]2Cc2ccccc2)c(C)c1,0.0
COC(=O)C1=C(CN2CCN(C(C)=O)CC2)NC(=O)N[C@@H]1c1ccccc1,0.0
Cc1cc(NC(=O)C(=O)N[C@H](C)c2ccccc2Cl)n(C)n1,0.0
C[C@@H]1CN(c2ccccc2C(F)(F)F)C(=O)NC1=O,0.0
COc1ccc(OC)c([C@H]2CCCN2C(=O)C[NH+]2CCCCCC2)c1,0.0
C[C@@H](c1cccc(Cl)c1)N(C)[C@@H]1CC[C@H]([NH3+])C1,0.0
CN(CCC#N)C(=O)[C@@H]1CCCCN1C(=O)c1ccccc1,0.0
Cc1nn(Cc2ccccc2Cl)c2sc(C(=O)NC3=NCCS3)cc12,0.0
CC[C@@H](Sc1nc(-c2ccco2)nc2c1c(=O)n(C)c(=O)n2C)C(=O)OC,0.0
CN(Cc1ccc(F)cc1F)C(=O)Nc1ccc(SC(F)F)cc1,0.0
COc1ccc(CCNCc2ccccc2F)cc1,0.0
CCC(=O)N1CCC([NH2+][C@@H](c2ccccc2)[C@@H]2CCCc3ccccc32)CC1,0.0
CCSCC[C@@H](C)N(C)C(=O)c1ccc(=O)n(C)n1,0.0
Clc1ccc(CNC2CC[NH+](C[C@H]3CCOC3)CC2)cc1Cl,0.0
COc1ccc([C@H]2CCCCCN2C(=O)CCn2nc(-c3cccs3)oc2=O)cc1,0.0
Cc1ccc(-n2nc(-c3ccc(F)cc3)cc2C(=O)[O-])c(C)c1,0.0
C[C@H]1CCCN(C(=O)Nc2ccc(C(=O)N3CCOCC3)cc2)C1,0.0
CCN(CC(=O)NC(C)C)S(=O)(=O)c1ccc2c(c1)CCCC2,0.0
CSc1ccc(NC(=O)C(=O)N2CC[C@H]([NH+]3CCCCC3)C2)cc1,0.0
CCOC(=O)CCSc1nc(C)c2cc(C)ccc2n1,0.0
Cc1ccc(S(C)(=O)=O)cc1C(=O)Nc1cccc(SC(F)F)c1,0.0
CC1(C)C[NH2+]CCN1C(=O)N1CCOCC1,0.0
Cc1csc(=O)n1CCSc1nnc(-c2ccc(F)cc2)n1C,0.0
C[C@H]1C[C@H](C)C[NH+](CCCNC(=O)c2cnn(C(C)(C)C)c2)C1,0.0
O=C(Nc1ccc(S(=O)(=O)Nc2nccs2)cc1)c1ccc(Br)s1,0.0
C[C@@H]1CCCN(S(=O)(=O)c2ccc(C(=O)Nc3nnc(-c4ccc(C(F)(F)F)cc4)o3)cc2)C1,0.0
C[C@H]1CCCC[C@@H]1NC(=O)[C@@H](Cc1ccccc1)NS(=O)(=O)c1cccc2nsnc12,0.0
C[NH+](C[C@@H](O)c1cccc(Cl)c1)[C@@H]1CCC[C@@H]1S(C)(=O)=O,0.0
O=C(COc1ccc(C(=O)c2ccccc2)cc1)Nc1nc2ccc(F)cc2s1,0.0
C[NH2+][C@@]1(C(=O)[O-])CC[C@H](N2CC[NH+](C)CC2)C1,0.0
CCC1(CC)[C@@H](N/C(N)=[NH+]/C2CC2)[C@@H](C)[C@@H]1OC,0.0
CCc1ccc(/C(C)=N/NC(=O)[C@@H]2C[C@@H]2c2ccccc2)cc1,0.0
CC1(C)CN(C(=O)Cn2ccc(=O)[nH]c2=O)C1(C)C,0.0
CC(C)C[NH2+][C@H](C)CCCC(C)(C)O,0.0
C[C@H]1C[C@H](C)C[NH+]([C@@H](C)C(=O)Nc2ccc(Cl)cc2Cl)C1,0.0
C[C@@H]1C[NH2+]C[C@H](C(C)(C)C)O1,0.0
Cc1cc(CN(C)C(=O)c2ccc(SCc3ccccc3)cc2)no1,0.0
C[C@@H]1CCN(C(=O)NCCCOC[C@@H]2CCCO2)[C@@H](C)C1,0.0
C[C@H](C(=O)NCCc1ccc(C(F)(F)F)cc1)N1C(=O)c2ccccc2C1=O,0.0
COc1ccc(O[C@@H](C)C(=O)NCc2ccncc2)cc1,0.0
CNC(=O)[C@@]1(CCCc2ccncc2)CCCC[NH2+]1,0.0
COC[C@](C)(C#N)NS(=O)(=O)c1ccc(OC2CCCC2)cc1,0.0
Nc1cc2c(cc1NC(=O)N1CCCCC1)OCCCO2,0.0
Cc1ccc(CCC(=O)N2CCC3(CC2)[C@H](C(=O)[O-])CC(=O)N3C)cc1,0.0
N#Cc1cccc(CNC(=O)Nc2ccc3c(c2)OCCCO3)c1,0.0
O[C@@H](c1cc(Cl)cs1)c1cc(Br)ccc1F,0.0
COC(=O)[C@@H]1C(=O)[C@@]2(Cc3c(ccc4ccccc34)N(Cc3ccc(OC)cc3)C2)C(=O)CC1(C)C,0.0
COC(=O)C(C)(C)C[NH2+][C@@H]1CCCCC[C@H]1C,0.0
CC(C)(CNC(=O)[C@H]1CCC[C@H](C(=O)[O-])C1)S(C)(=O)=O,0.0
Cn1cc(CCC(=O)Nc2nc3c(cc2C#N)CCC3)cn1,0.0
CN(CC(N)=O)c1ccccc1/C=C/C(=O)[O-],0.0
CCOC(=O)CSc1ncnc2c1sc1nc(CC(C)C)c3c(c12)CCC3,0.0
CC(C)(NCC(=O)NCC(=O)N1CCCC1)c1ccc(F)cc1Cl,0.0
O=C(C1CCCC1)N1CCN(CCn2c(=O)oc3ccccc32)CC1,0.0
Cc1noc([C@H]2CCC[NH+](CC(C)(C)CN(C)Cc3ccccc3)C2)n1,0.0
C[C@@H]1CN(C(=O)C(=O)N[C@H]2CCCN(c3cnn(C)c3)C2)c2ccccc21,0.0
CC1CCN(C(=O)N[C@@H](C)Cc2cccs2)CC1,0.0
Cc1ccc([C@H]2CC[NH2+]C[C@@H]2C)s1,0.0
C[C@@H]1CCCN(C(=O)COc2ccc(C3SCCCS3)cc2)C1,0.0
C[C@@]1(Cc2ccccc2)CC[NH2+]C[C@H]1Cc1ccccc1,0.0
COc1ccc(S(N)(=O)=O)cc1C(=O)N1CCCCC1,0.0
Cc1[nH]c2ccccc2c1C(=O)C(=O)NC[C@H](C)N1CCOCC1,0.0
Cc1cc(CCCC(=O)N2CCC[C@@H]2c2nnc3n2CC[NH2+]C3)ccc1F,0.0
C/[NH+]=C(\NCc1cccc(C)c1)NCc1coc(-c2ccccc2)n1,0.0
CC(C)(C)OC(=O)NC[C@@H]1CCCCN1C(=O)CC1(O)CCCC1,0.0
C[C@H]1CN(C(=O)CCc2nc(-c3ncccn3)no2)C(C)(C)CO1,0.0
Cc1cc(C)n(-c2ccccc2NC(=O)N2CCOC[C@@H]2CC(C)C)n1,0.0
COc1ccc(S(=O)(=O)N(C)C(=O)/C=C/c2ccc(C)o2)cc1,0.0
COc1ccc(N[C@H](C)c2ccc(C)c(C)c2)cc1F,0.0
COc1ccc(Cc2nc3ccc(C(=O)NCCNC(C)=O)cc3o2)cc1,0.0
CC(C)[C@@H](CO)NS(=O)(=O)c1ccc2c(c1)CCC2,0.0
COc1ccc(N2C[C@H](C(=O)Nc3cccc(Cl)c3C)CC2=O)c(OC)c1,0.0
[NH3+][C@@]1(C(=O)[O-])CC[NH+](Cc2ccc(OCC(=O)N3CCCCC3)cc2)C1,0.0
COc1ccccc1[C@H]1CCCN1C(=O)c1cnc(C)cn1,0.0
O=C(NCCCc1nc(-c2ccc(Br)o2)no1)C1CC1,0.0
CCOC(=O)[C@H]1CCCN(Cc2cnc(C(C)(C)C)s2)C1,0.0
Cc1c(C[NH+]2CCC[C@H]2CN2C[C@@H](C)O[C@@H](C)C2)cc(C#N)n1C,0.0
C=CCN(C(=O)[C@H](C)S(C)(=O)=O)c1nc(-c2ccccc2)cs1,0.0
C[C@@H]1C[C@H]2CCCC[C@@H]2N1C(=O)c1ccc(CS(=O)(=O)C(F)F)cc1,0.0
O=C(CCc1ccco1)N(C[C@@H]1CCCO1)c1nc(-c2ccc(Cl)cc2Cl)cs1,0.0
CC[NH2+][C@H](Cc1cc(CC)nn1C)[C@@H]1C[NH+](C)CCN1C,0.0
CCCS(=O)(=O)N1CCC(=NOCC(=O)NC2CCCCC2)CC1,0.0
N#Cc1ccc([C@@H](SCCCc2ccccc2)C(N)=O)cc1,0.0
COC(=O)C1(c2nc([C@@H]3C[C@@H]3C)no2)CC1,0.0
COC(=O)C[C@H](NC(=O)[C@@H](O)c1ccccc1)C1CC1,0.0
Cc1nc2sccn2c1C[NH+](CCC1CCCCC1)CC(N)=O,0.0
COc1ccc([C@H]2CCCN2C(=O)C[C@@H]2CCCO2)c(OC)c1,0.0
CCn1nc(C)c(Cl)c1C[NH2+]CC1(C)COC1,0.0
C[C@H](C(=O)OC(C)(C)C)N(C)Cc1cccnc1,0.0
O=C(CCNS(=O)(=O)c1ccc2c(c1)CCN2C(=O)C1CC1)NC1CCCCCC1,0.0
CC1CCC(O[C@@H]2CCC[C@@H]2C[NH3+])CC1,0.0
Cc1cccc(OCCNC(=O)CCc2c(C)nc3cc(C)nn3c2C)c1,0.0
CC(C)=CC(=O)NCc1nc(C)c(C)s1,0.0
O=C(C[n+]1ccccc1)N(C1CCCCC1)[C@H]1CCS(=O)(=O)C1,0.0
Cc1ccc(F)c(NC(=O)NC(=O)CCCCC(=O)[O-])c1,0.0
CCC[C@@H]1C[NH2+]CC[C@@H]1c1ccc(SC)cc1,0.0
CC(=O)Nc1cccc(C(=O)N[C@H](C)c2cccc(Cl)c2)c1,0.0
CC(C)C[C@@H](C[NH3+])CN1CCOCC1,0.0
CCC(=O)N1CC[C@H](NC(=O)C[C@H](O)c2cc(Cl)cc(Cl)c2)C1,0.0
CC(=O)c1ccccc1C(=O)N1CCO[C@H](c2ccc(Cl)c(Cl)c2)C1,0.0
Cc1onc(-c2c(F)cccc2Cl)c1C(=O)Nc1ccc(Cl)cc1F,0.0
Cc1c(NCC[C@H]2CCC[C@@H](C)C2)cccc1N1C(=O)CCC1=O,0.0
COc1ccc(Cl)c(NC(=O)N(Cc2ccccc2)C[C@H]2CCCO2)c1,0.0
CN(Cc1noc2c1CCCC2)C(=O)CC[C@@H]1CCC[NH+]2CCCC[C@H]12,0.0
CCC(=O)Nc1cc2c(cc1Br)n(C)c(=O)n2C,0.0
COc1ccc(C(=O)Nc2cc(C(=O)N(C)C)ccc2Cl)cc1OC,0.0
CCc1nnc(CSc2nnc(-c3ccc(OC(F)F)cc3)o2)o1,0.0
C[C@H]([NH3+])c1ccc(N2CC[NH+]3CCC[C@@H]3C2)cc1Cl,0.0
COc1ccccc1/C=C/C(=O)c1ccco1,0.0
O=C(NCC1CC[NH2+]CC1)c1ccc([C@@H]2CC[NH2+]C2)cc1,0.0
Cc1ccc(OCCN(C)C(=O)c2ccc(CO)cc2)c(C)c1,0.0
Cc1ccc(CCC2CCN(C(=O)N[C@H]3CCS(=O)(=O)C3)CC2)cc1,0.0
C[C@H](CCc1ccccc1)NC(=O)[C@H]1COc2ccc(NC(=O)c3cccs3)cc2C1,0.0
CCC[NH+]1CCC(NS(=O)(=O)c2ccc(F)c(F)c2)CC1,0.0
CN1C(N)=[NH+]C[C@]12CCS(=O)(=O)C2,0.0
CC(C)CC(=O)Nc1ccc(C(=O)NCc2ccccc2)cc1,0.0
C[NH+](C)C[C@@H](NC(=O)c1cccc([N-]S(C)(=O)=O)c1)c1ccccc1,0.0
NC(=O)CC[C@H](NC(=O)CC1CC1)C(=O)[O-],0.0
CCOc1ccccc1C(=O)N1CCN(S(=O)(=O)c2ccc(F)c(F)c2)CC1,0.0
CCn1cc(CN2CC(=O)N(c3cccc(C)c3)C[C@@H]2C)cc1C#N,0.0
Cc1cccc(OCCN(C)C(=O)NCCC(=O)N(C)C)c1,0.0
CC(C)(C)OC(=O)N1CC[C@H]([NH+]2CCCCCC2)C1,0.0
Cc1cccc(NC(=O)CCNC(=O)c2ccc3c(c2)OCO3)n1,0.0
COc1cccc(CN2C[C@]34C=C[C@H](O3)[C@@H](C(=O)N(C)Cc3ccon3)[C@H]4C2=O)c1,0.0
CN(C)C(=O)N(CCC[NH3+])C1CCCCC1,0.0
O=C([C@H]1CCO[C@]2(CCOC2)C1)[C@H]1CCc2ccccc21,0.0
CC(C)[NH+](CC(=O)N1N=C(c2cccs2)C[C@H]1c1ccco1)C1CCC1,0.0
CNS(=O)(=O)c1ccc(C)c(NC(=O)[C@H](C)Oc2ccc(Cl)cc2)c1,0.0
Cc1cnc([C@@H](C)NC(=O)N[C@@H](c2ccccc2)C(C)(C)C)s1,0.0
CC(=O)N1CCC(Oc2ccc(Cl)cc2C(=O)NC[C@H](C)c2ccccc2)CC1,0.0
CC(C)(C)c1csc(C[C@H](O)c2cc(F)cc(F)c2)n1,0.0
c1ccn2cc(C[NH+](CC3CC[NH2+]CC3)C3CC3)nc2c1,0.0
Cn1nc(-c2ccccc2)c([C@H](O)c2ccccc2)c1Cl,0.0
NC(=[NH2+])c1c(F)cccc1Oc1ccc2c(c1)CCCC2,0.0
O=C(NC[C@@H]1CCC2(CCN(C(=O)c3ccncc3)CC2)O1)C1CCCCC1,0.0
C[C@H]1CN(S(=O)(=O)CCNC(=O)c2ccc[nH]2)C[C@H](C)O1,0.0
CCC1CCC(C(=O)[C@@](C)(CC)[NH+](C)C)CC1,0.0
Cc1cccc(CNC(=O)C2CCN([C@H]3[NH+]=c4ccc(C)cc4=[NH+]3)CC2)c1,0.0
Cc1ccc(C[NH2+][C@@H](C)c2cc(F)ccc2O)s1,0.0
O=C(COc1cccc2ccccc12)NNC(=O)c1ccc(F)cc1,0.0
CCN(CC(C)C)C(=O)[C@@H](C)Cl,0.0
Cn1c(C(=O)N(CCC(N)=O)c2ccccc2)cc(Cl)c1Cl,0.0
CC(C)=CC(=O)Nc1ccc(S(=O)(=O)[N-]c2onc(C)c2C)cc1,0.0
CCOC(=O)c1ccc(OCC(=O)Nc2c(C)cccc2C)cc1,0.0
COc1ccccc1NC(=O)COC(=O)c1cc(C(C)=O)n2ccccc12,0.0
C[C@H](NC(=O)N[C@H](C)c1ccc2c(c1)OCCO2)c1nc(C(C)(C)C)no1,0.0
CC(C)(C)OC(=O)N1CCCC[C@@H]1C(=O)N(Cc1ccccc1F)C1CC1,0.0
CNC(=O)[C@@H]1CCCN1C(=O)CCSc1ccccn1,0.0
Cc1cc(C)c(CNC[C@@H](O)c2ccco2)c(C)c1,0.0
CCC[NH2+][C@H](C)c1cccn1Cc1cccc(OC)n1,0.0
C[NH+]1CCN([C@@H]2CCCCN(C(=O)N[C@@H]3CCC[C@H](C4CC4)C3)C2)CC1,0.0
Cc1cccc(-c2cc(C(=O)NCCOC(C)C)no2)c1,0.0
CC[C@@H]([NH3+])c1ccn(CCC[NH+]2CCCC2)c1,0.0
COC(=O)c1cc(-c2ccc(Cl)cc2Cl)[nH]n1,0.0
CCc1nnc(-c2cccn2CC(=O)Nc2ccc(Cl)cc2C)o1,0.0
COC(=O)Nc1ccc(NC(C)=O)cc1,0.0
CCC(C)(C)NC(=O)[C@@H](c1ccccc1F)N(C(=O)c1csnn1)c1cccc(C)c1,0.0
C[NH2+][C@@]1(CO)CC[C@@H](Sc2cccs2)C1,0.0
CCNS(=O)(=O)[C@H]1CC[NH+]([C@@H](C)C(=O)N(C)C)C1,0.0
O=C(Cc1cc(F)ccc1F)N[C@H]1CCN(c2ccccc2Cl)C1=O,0.0
COc1ccc(OC)c(S(=O)(=O)N[C@H](C)c2ccc3c(c2)OCCO3)c1,0.0
CC(C)S(=O)(=O)CC(=O)NC[C@@H](c1ccco1)[NH+](C)C,0.0
Cc1ccc(-c2nnc([S@](=O)[C@H](C)C(=O)NCC(C)C)n2C)cc1,0.0
COc1cc(NC(=O)CNc2cc(Cl)ccc2Cl)cc(OC)c1,0.0
C/C(=C/C(=O)NCCC(=O)NC(C)C)c1cccc(C(F)(F)F)c1,0.0
Cn1nc2n(c1=O)CCN(Cc1cccc(-n3cccn3)c1)C2,0.0
O=C(NCCCc1nc2ccccc2n1CC(=O)N1CCCc2ccccc21)c1ccccc1,0.0
Cc1ccc(-n2c(SCC(=O)Nc3nccs3)nnc2-c2ccoc2C)cc1,0.0
CC(=O)N1CCc2cc(S(=O)(=O)Nc3ccc(Cl)cc3Cl)ccc21,0.0
C=CCn1ncc(CN2CC[C@H]3[NH2+]CCC[C@]3(C(=O)OCC)C2)c1C,0.0
CC(C)[NH2+][C@]1(CO)CSCC(C)(C)C1,0.0
C#CCNC(=O)CNC(=O)c1ccoc1C,0.0
CC(=O)Nc1ccc(OC[C@H](O)CN2CCOc3ccccc32)cc1,0.0
CCOC(=O)C1CCN(C(=O)Cn2nc3c4ccccc4nc(C(C)C)n3c2=O)CC1,0.0
C[C@@H]1CN(C(=O)NC(=O)c2ccc(F)c(Cl)c2)C[C@@H](C)O1,0.0
C[NH2+][C@H](C)C(C)(C)CN1C[C@@H](C)O[C@@H](C)C1,0.0
CSCC[C@H](C)NC(=O)NC[C@@H]1CCC[C@H](O)C1,0.0
C[C@H]1CCC[C@H]([NH2+]C[C@H](O)c2ccccc2Cl)C1,0.0
CC(=O)NCCc1nc2c(C)cccc2c(=O)n1C,0.0
CCCc1nc(C[S@](=O)CCC2C[C@@H](C)C[C@@H](C)C2)no1,0.0
CC[C@@H](C)c1ccccc1NC(=O)[C@H](C)Sc1nnnn1-c1ccc(O)cc1,0.0
O=S1(=O)CC[C@@H](CC2[NH+]=c3ccccc3=[NH+]2)C1,0.0
Cc1nn(-c2ccccc2)nc1C(=O)NOCc1ccccc1,0.0
NC(=O)[C@H](CC(=O)[O-])c1ccccc1,0.0
Oc1ccccc1C1OCCO1,0.0
O=C(OCCNc1ccc(-c2ccccc2)n[nH+]1)C1CC1,0.0
Cc1cc(C)c(C(=O)Nc2ccc3oc(=O)[nH]c3c2)c(C)c1,0.0
CCOC(=O)CCc1c[nH]c2ccc(C)cc12,0.0
CC(=O)c1cc(-c2ccccc2)nnc1C,0.0
C[C@@H](CC1CCCC1)C(=O)NCC1(C(=O)N(C)C)CCCC1,0.0
C=CCOc1ccc(OC(=O)c2ccoc2)cc1,0.0
COC[C@@H](O)C[NH+]1CCC(NC(=O)c2ccnc(Cl)c2)CC1,0.0
CC1CCC(NC(=O)COc2ccc(NC(=O)c3ccco3)cc2)CC1,0.0
O=C(c1ccc(O)cc1)N1CCN(c2ncccn2)CC1,0.0
C=CCN(CC=C)C(=O)C1CCN(C(=O)C(C)(C)C)CC1,0.0
C[C@H]([NH2+]C1CCC(O)CC1)c1ccccc1O,0.0
Cc1ccc(CNC(=O)c2cc(-c3cccnc3)nc3ccc(Cl)cc23)cc1,0.0
COc1ccccc1[C@@H](NC(=O)NCc1cccc(C)c1)c1ccccn1,0.0
CCOc1ccc(C2=CCN(C(=O)c3occc3C)CC2)cc1,0.0
CCc1ccccc1NC(=O)C1CCN(S(=O)(=O)c2ccc3c(c2)CCCN3C(C)=O)CC1,0.0
CC(C)N(C(=O)Cc1ccc(F)cc1F)c1cccc(C#N)c1,0.0
C[C@H]1[C@@H](NC(=O)CCNC(=O)c2ccco2)CCC[C@@H]1C,0.0
O=S(=O)(Cc1ccccc1)C[C@H]1CCCCO1,0.0
CC[C@@H]1CCCCN1C(=O)C[C@@H]1C=CCC1,0.0
O=C(NCCN1CCCc2ccccc21)C1CCN(c2nnc(N3CCCCC3=O)s2)CC1,0.0
CCOC(=O)[C@H]1C(Cl)=NO[C@@H]1C,0.0
CC[C@@H](C)c1ccc(O)c(NC(=O)CCc2ccccc2)c1,0.0
CC[C@@]1(C(C)C)NC(=O)N(Cc2ccccc2Cl)C1=O,0.0
COc1ccc(Cc2nnc(SCc3ccc(Cl)cc3F)o2)cc1,0.0
COc1ccccc1CN1C[C@H](CO)[C@H](C[NH+](C)C)C1,0.0
O=C(COC(=O)c1ccc(S(=O)(=O)N2CCc3ccccc3C2)cc1)c1ccc2c(c1)OCO2,0.0
Cc1ccccc1N1CCN([C@@H]2CCCN(C(=O)COc3ccccc3)C2)CC1,0.0
COc1ccc2c(c1)=C(CCNC(=O)C[C@H]1C(=O)Oc3cc4oc(C)c(C)c4cc3[C@H]1C)C[NH+]=2,0.0
O=C(COc1ccc(Cl)cc1)Nc1cccc(C(=O)NC2CCCCC2)c1,0.0
O=c1cnc2ccccc2n1Cc1noc(C2CCCC2)n1,0.0
CCS[C@@H]1CC[C@@H](NC(=O)N2CCN(C(=O)c3ccc(C)cc3)CC2)C1,0.0
Cc1ocnc1CNC(=O)C(=O)Nc1ccc(OC(C)(C)C)cc1,0.0
Cc1ccc([C@@H]2CCCN2S(=O)(=O)N[C@@H](C)c2nncn2C)o1,0.0
Cc1nc2ccc(NC(=O)c3ccncc3)cc2c(=O)n1Cc1ccc(F)cc1,0.0
Cc1ccc(OC(=O)Cc2coc3ccc(C)cc23)cc1,0.0
O=C(NC[C@H](O)c1ccco1)NC1CCN(C(=O)C2CCCCC2)CC1,0.0
C[C@@H]1c2ccsc2CC[NH+]1[C@@H]1CCC(=O)C1,0.0
C[C@H]([NH3+])COCc1ccc(F)cc1,0.0
COC(=O)c1ccc(N2CCN(C(=O)c3cc(C)no3)[C@H](C)C2)cc1,0.0
CC(=O)c1c(C)[nH]c(C(=O)COc2ccc(C(F)(F)F)cc2)c1C,0.0
Cc1cccc(CN(C)C(=O)[C@H]2CC[C@@H](C[NH3+])O2)n1,0.0
CCN1CC[NH+](CCCCNC(=O)[C@H]2Cc3cc(C)c(C)cc3O2)CC1,0.0
CCS[C@@H]1CCCCN(C(=O)c2ccc3c(c2)ncn3C)C1,0.0
O=S(=O)(NCCO)c1ccc(Cl)cc1,0.0
Cc1nc(CNS(=O)(=O)c2cc(F)cc(F)c2)cs1,0.0
O=C([O-])C[C@@H](C(=O)N(c1ccccc1)c1ccccc1)N1CCOCC1,0.0
Cc1ccc(-n2nnc(C(=O)NCc3ccco3)c2N)cc1Cl,0.0
Cc1ccc(-n2c(=O)c3ccccc3n3c(CCl)nnc23)cc1C,0.0
CC(C)CS(=O)(=O)[N-]c1ccc(Cl)cc1F,0.0
COc1ccc(S(=O)(=O)NCc2cccn2Cc2cccc(F)c2)cc1,0.0
C=C(C)[C@H](CSc1ccccc1C)[NH2+]C,0.0
Cc1ccc(C(=O)N2CCC([NH+]3CCC[C@H]3C(N)=O)CC2)cc1,0.0
O=C(NCc1csc(-c2ccccc2)n1)c1ccc(Cl)o1,0.0
CCOC(=O)C(C=N)C(=O)OCC,0.0
Cc1cc(Br)cc(C)c1NC(=O)C(=O)N[C@H]1C[C@H]1C,0.0
O=C(NCc1cc[nH+]c(N2CCCCC2)c1)c1c(O)cccc1O,0.0
O=C(Nc1nccs1)c1nnn[n-]1,0.0
Cc1ccc(SCc2ccc(Cl)s2)c(N)c1,0.0
C=CCn1c(SCc2cc(=O)oc3cc(CC)c(Cl)cc23)nnc1C1CC1,0.0
COCCCOC1CN(C(=O)N[C@H](C)c2ccc(Cl)cc2)C1,0.0
C[C@@H](NC[C@@H](O)C(F)(F)F)c1ccccc1,0.0
O=C([O-])c1sccc1S(=O)(=O)NC[C@H](O)c1ccccc1,0.0
CCOc1cccc(CNc2c(C(=O)OC)c(=O)[nH]c3ccc(Cl)cc23)c1,0.0
COc1ccc2cc3cc(C(=O)N[C@H]4CCCc5ccccc54)sc3nc2c1,0.0
O=C(Cn1cnc2scc(-c3cccs3)c2c1=O)Oc1ccccc1,0.0
CCOc1ccc(-c2nc(C)c(C(=O)Nc3nncs3)s2)cc1,0.0
CCNS(=O)(=O)c1ccc(C(=O)NNC(=O)c2ccc(C(C)(C)C)cc2)cc1,0.0
CSCC[C@@H](O)[C@H]1CCOC2(CCSCC2)C1,0.0
O=C(NCc1ccccc1)c1cnn2c1N[C@H](c1ccco1)C[C@@H]2C(F)(F)F,0.0
CC(C)c1ccc(Cc2nnc(NC(=O)C3CCN(S(=O)(=O)c4ccc(F)cc4)CC3)o2)cc1,0.0
Cc1nnc(CN(C)Cc2cc(Cl)ccc2F)n1C,0.0
C[C@@H](CCCO)Nc1ccc(Cl)cc1C(=O)[O-],0.0
CC(C)(C)OC(=O)N[C@@H]1CC[C@@H]([NH2+]C[C@@H]2CCCCO2)C1,0.0
CN(CC(F)F)C(=O)CCc1ccc(F)cc1F,0.0
O=C(C[NH+]1CCNCC1)C1CC1,0.0
CNS(=O)(=O)c1cc(C(=O)N[C@@H](C)c2ccc(C#N)cc2)c(C)o1,0.0
O=C(Cn1cc2c(n1)CCCC2)Nc1ccc(F)cc1,0.0
CCc1ccccc1NC(=O)C(=O)NC[C@@]1(O)CCc2ccccc2C1,0.0
Cc1c(Br)c(C(=O)[O-])nn1-c1ccccc1,0.0
CCNC(=O)CNCc1c[nH+]cn1C1CC1,0.0
COc1cccc(C(=O)NNC(=O)C2CCCCC2)c1O,0.0
CC1CCN(C(=O)CC#N)CC1,0.0
CC(C)C[C@H](C)[NH2+]Cc1nnc(-c2ccccc2Br)o1,0.0
c1cncc(CNCCC[NH+]2CC3(CC3)C2)c1,0.0
CC[S@](=O)[C@H]1CCCC[C@@H]1NC(=O)CCCS(C)(=O)=O,0.0
CN(C)S(=O)(=O)N1CCN(C(=O)CCCc2ccccc2)CC1,0.0
CC1=C[C@@H](CO)[C@H](C(C)C)C[C@H]1CC(=O)N(C)CCC#N,0.0
C[NH+]1CCN(CCCNC(=O)[C@H]2CC(=O)N(c3cccc4ccccc34)C2)CC1,0.0
CCc1onc(C)c1NC(=O)N1CC=C(c2ccccc2Cl)CC1,0.0
Cc1cccc(OC[C@@H](C)NC(=O)N(C)CCc2ccccn2)c1,0.0
CSc1ccc2nc(NC(=O)CSc3ccc(Cl)cc3)sc2c1,0.0
CCOc1ccc(C(=O)NCc2ccc(-c3nn4c(C)nnc4s3)cc2)cc1Br,0.0
Cc1ccccc1-c1nnc(S[C@H](C(=O)N(C)C)c2ccccc2)n1C,0.0
CCOC(=O)C[C@@H]([NH3+])c1ccc2c(c1)OCO2,0.0
C=C(C)C#C[C@@H](OCC)[C@H](C(C)=O)C(=O)OCC,0.0
CN(Cc1nc2ccccc2s1)C(=O)CSc1ncnc2sccc12,0.0
Cc1nc(CCC[NH+]2CCC[C@@H]2c2ccc(F)cc2)n[nH]1,0.0
CC[C@@H](CSC)[NH+](C)CC(=O)N1CCCc2cc(OC)ccc21,0.0
NC(=O)Nc1ccc(C(=O)N2CCN(c3ccc(F)cc3)CC2)cc1,0.0
Cc1ccccc1[C@@H]1C[C@@H]1C(=O)NCCCC[NH+]1CCC[C@H](C)C1,0.0
N#C[C@@H](c1ccccc1)c1cnn(-c2ccccc2)c(=O)c1Cl,0.0
COc1ccc(S(=O)(=O)NC2CCN(C(=O)COc3ccccc3)CC2)cc1,0.0
CCn1cc(C(=O)N(C)Cc2ccc(OC(F)F)cc2)cn1,0.0
C[C@H](Oc1ccccc1C#N)C(=O)OC[C@H]1CCCCO1,0.0
CS(=O)(=O)NCCNC(=O)c1ccccc1I,0.0
CC1CCN(C(=O)[C@@H](C)N2CC[NH+](Cc3ccon3)CC2)CC1,0.0
COc1ccc(NC(=O)C(=O)NCc2ccccc2OC)cc1Cl,0.0
CC(C)(C)OC(=O)N1CCCN1C(=O)CCCn1ccnn1,0.0
CC(=O)c1ccc(-n2c(N)c(C(=O)OC3CCCCC3)c3nc4ccccc4nc32)cc1,0.0
CC(=O)[C@H](C)Cn1cnc2c(C)cccc2c1=O,0.0
CS[C@H]1CC[C@H](NC(=O)CCCC(=O)c2ccc(Cl)cc2)C1,0.0
CCOc1ccc(CNC(=O)c2ccc3c(c2)c(C)c(C)n3CC)cc1,0.0
Cc1ccc(OCC(=O)Nc2ccc(S(=O)(=O)/N=C3\CCCCCN3)cc2)cc1,0.0
C[NH2+]C1CCC(N(C)C(=O)c2ccccc2O)CC1,0.0
Cc1ccc(C[NH+]2CCNC(=O)[C@@H]2CC(=O)NCc2nnn[n-]2)cc1,0.0
O=C(C[S@](=O)Cc1cn2ccccc2n1)NCCc1ccc(F)cc1,0.0
NC(=O)CNC(=O)c1ccc(NC(=O)Nc2ccccc2)s1,0.0
O=C(c1cccnc1Cl)N1CCC(CN2CCOCC2)CC1,0.0
CCc1nc(CS(=O)(=O)CC(=O)Nc2ccc(C(C)C)cc2)no1,0.0
CC[C@H](C)C[S@](=O)Cc1nnnn1C1CC1,0.0
Cc1ccc(CS(=O)(=O)N(C)[C@H]2CCCC[C@@H]2O)cc1,0.0
Cc1csc2nc(CSCc3ccccc3Cl)cc(=O)n12,0.0
CC(C)C[C@@H](C[C@@H]1CCCCO1)C(=O)[O-],0.0
CC(=O)N[C@H]1CCCN(C(=O)Nc2cc(Cl)ccc2C)C1,0.0
CS(=O)(=O)c1ccc(C(=O)Nc2c(Cl)cc(NC(=O)c3ccco3)cc2Cl)cc1,0.0
CCNc1nc(C)cc(N2CCN(C(=O)c3ccc(OCC)cc3)CC2)n1,0.0
Cc1noc(C[NH2+][C@@H]2C[C@@H]3CC[C@@]2(C)C3(C)C)n1,0.0
CC(=O)c1ccnc(N2C[C@@H](C)C[C@H](C)C2)c1,0.0
Cc1cc(CCC(N)=O)cc([C@H]2CCC[NH+]2Cc2cccnc2)n1,0.0
C[C@H](NC(=O)NCc1cc(F)ccc1Br)c1nncn1C,0.0
COc1ccc(NC(=O)CCc2csc(NC(=O)c3ccco3)n2)cc1,0.0
COc1ccc(C[C@@H](Cl)C2C(C)(C)C2(C)C)cc1OC,0.0
CCCN(CC1CC1)C(=O)N[C@H]1CCCc2c1cnn2C,0.0
CCC(=O)[C@H](C)Sc1nnc(C[NH+]2CCCCC2)n1-c1ccccc1,0.0
Cc1noc(C)c1Cc1nc(C2CC2)no1,0.0
CCN(CC)c1ccc(/C=C2/C(=O)N(C)C(=S)N2C)cc1,0.0
CC(=O)N1CCCSc2ccc(S(=O)(=O)NCCCc3ccco3)cc21,0.0
Cc1cccc(C(=O)c2ccccc2)n1,0.0
CCOc1ccc(CNc2ccc3c(c2)ncn3-c2ccc(OC)cc2)cc1,0.0
Cc1csc(CNC(=O)N[C@H]2CC[NH+]3CCCC[C@H]23)n1,0.0
c1ccc([C@H]([NH2+]C[C@H](c2cccs2)N2CCOCC2)C2CC2)cc1,0.0
Cc1ccc(CN2CCN(C(=O)C(=O)N3CCCC3)CC2)s1,0.0
O=C([O-])[C@H](Cc1cccc(O)c1)Cc1cccc(F)c1,0.0
O=C(NC[C@H]1COc2ccccc2C1)[C@H]1COc2ccccc2O1,0.0
CC(C)C[C@H](C)[NH2+][C@H](C)c1cccc(-n2cnnn2)c1,0.0
CCCNC(=O)CCC(=O)NCC1(C)Cc2ccccc2C1,0.0
CC[C@@](C)([C@H](O)Cc1nn(C)c2ccccc12)[NH+](C)C,0.0
CC1(C)O[C@H]2CS(=O)(=O)C[C@@H]2O1,0.0
Cc1ccc(OC(F)F)c(CN2CCN(c3nc(C)ns3)CC2)c1,0.0
CC(=O)Nc1nc2cc(NC(=O)CCC(=O)N3CCCCCC3)ccc2s1,0.0
COc1ccc([C@@H]2CC(=O)Nc3c2cnn3-c2cccc(Cl)c2)cc1O,0.0
Cc1cc(C[NH+](C)C)c(O)c(C(C)(C)C)n1,0.0
CC[C@@H](NC(=O)[C@@H](C)NC(=O)CC1CCCCC1)c1c(C)nn(C)c1C,0.0
COc1cc(C)nc(N2CCC([NH2+]CCOc3ccccc3)CC2)n1,0.0
COc1ccc(OCc2ccc(Br)s2)c(CO)c1,0.0
Cc1cccc(N2C(=O)/C(=C/C=C/c3ccco3)SC2=S)c1,0.0
O=C(CSc1ncnc2sccc12)NC(=O)[C@H]1COc2ccccc2O1,0.0
C=CCN(CCSc1ccccc1)C(=O)c1ccncc1Cl,0.0
CC1(C)CN(CC(=O)N2CCCCCCC2)CCO1,0.0
CC[C@@H]([NH3+])[C@H](SCC[NH+](C)C)c1ccccc1C,0.0
c1ccc(C[NH+]2C[C@@H]3Cc4ccccc4CN3C2)cc1,0.0
C[NH+](CC(=O)N1CCC[C@@H]1c1cccs1)C1CCS(=O)CC1,0.0
Cn1c(C(=O)N2c3ccccc3C[C@H]2C(N)=O)cc(Cl)c1Cl,0.0
CC[NH2+][C@H]([C@@H]1CCOC2(CCCCC2)C1)[C@]1(C)CCCO1,0.0
O=C(NCc1cccnc1OC1CCCC1)c1sccc1C1CC1,0.0
COc1cc(Br)cc2[nH]nc(Br)c12,0.0
CC[C@H]1CCC(=O)[C@H]([C@@H]2CCC[C@H](S(C)(=O)=O)C2)C1,0.0
Cc1occc1C(=O)NC[C@@H](O)c1ccc(F)cc1,0.0
CCN(C(=O)C(=O)NCCC[NH+]1CCc2ccccc2C1)c1ccc(F)c(F)c1,0.0
CCOC(=O)CN1C(=O)C(=O)c2ccccc21,0.0
Cc1cc(C)n(-c2cncc(S[C@@H](C)[C@H](C)O)n2)n1,0.0
CCc1nnc(C2(c3cccc(Br)c3)CCOCC2)o1,0.0
Cc1ccc(S(=O)(=O)N2CCCCC2)cc1NC(=O)c1ccccc1C,0.0
Cc1ccc(-c2nc3n(CC(=O)N4CCCC[C@@H]4C)c(C)c(Cc4ccccc4)c(=O)n3n2)cc1,0.0
O=S(=O)(NCc1nnnn1-c1ccc(F)c(F)c1)c1cccc(C(F)(F)F)c1,0.0
CCCCNC(=O)NCc1ccc(OC)nc1,0.0
COc1cccc(C(=O)OC[C@@H]2CCCN(C(=O)c3ccc(C)o3)C2)n1,0.0
COC(=O)c1c(C)[nH]c(C(=O)[C@H](C)OC(=O)c2c(C)noc2C)c1C,0.0
O=C1NCC(=O)N(Cc2cccc(O)c2)[C@@H]1C1CC1,0.0
CCN(C[C@H]1COc2ccccc2O1)C(=O)Nc1ccc(OC)c(F)c1,0.0
O=C(NCc1ccco1)C1CCN(c2ccc(S(=O)(=O)N3CCOCC3)cc2)CC1,0.0
CCc1n[n-]c([S@](=O)CC(=O)Nc2ccc(OC(F)F)cc2)n1,0.0
COCCC(=O)N1CCC([NH2+][C@@H](C)c2nc3c(s2)CCCC3)CC1,0.0
Cc1cc(F)ccc1S(=O)(=O)NCc1cn2cc(Br)ccc2n1,0.0
CC(=O)C1=CC(C(=O)N2CCO[C@@H](c3ccccc3)C2)=NC1,0.0
CC(C)(C)c1ccc(OC[C@H](O)CN2CC[NH+](C3CCCC3)CC2)cc1,0.0
CCS[C@H]1CCCCN(C(=O)c2ccc3c(c2)NC(=O)CN3CC)C1,0.0
Cn1ncnc1CNC(=O)N[C@@H]1C[C@H]1c1cccc(Cl)c1Cl,0.0
C[NH+](Cc1coc2ccccc12)CC1(O)CCCC1,0.0
Cc1cccc(N2CCC(NC(=O)c3ncccc3C(F)(F)F)CC2)[nH+]1,0.0
O=C(NCCc1ccc2c(c1)OCO2)NC[C@H]1CCCO1,0.0
C[C@H](CCC1CCCC1)NC(=O)NCC(C)(C)C(N)=O,0.0
O=C([O-])c1ccc(S(=O)(=O)NC[C@H]2CCS(=O)(=O)C2)cc1,0.0
CC1(C)CN(CCC(=O)Nc2ccccc2F)CC[S@]1=O,0.0
Cc1cc(C(=O)N2CCC[C@@H]3CCCC[C@H]32)no1,0.0
CC(=O)Nc1ccc(-c2csc(NC(C)(C)C)n2)cc1,0.0
C=CCOC(=O)C1=C(C)N=C2S[C@H](C)C(=O)N2[C@H]1c1ccc(F)cc1,0.0
C#CCC[C@@H]([NH3+])CCC(F)(F)F,0.0
COc1ccccc1NC(=O)[C@@H]1CCCN(S(=O)(=O)c2ccccc2)C1,0.0
CCc1nn(C)cc1C[NH2+]CC(=O)NCC(F)(F)F,0.0
COCCOC(=O)C1=C(C)Nc2nc3ccccc3n2[C@@H]1c1ccncc1,0.0
CSCCc1ccc(N)cc1,0.0
Cc1ccc(C)c(NS(=O)(=O)c2cc3c(cc2Br)OCCO3)c1,0.0
CCOc1ccccc1/C=C/C(=O)N1CCN(S(=O)(=O)c2ccc(Br)s2)CC1,0.0
CC[C@@H](C(=O)N(C)c1ccc(C[NH3+])cc1)c1ccccc1,0.0
CCCN(CCC)C(=O)COc1ccc2nc3n(c(=O)c2c1)CCC3,0.0
CCCCCCOc1ccc(Cl)cc1N,0.0
C[C@H]1OCC[C@@H]1C(=O)N1CC(=O)Nc2ccccc2C1,0.0
O=C(CC1CCCC1)N1CCN(C2=[NH+]N=C(c3ccccc3)CS2)CC1,0.0
COc1ccc([C@@H]2CC(O)=Nc3n[nH]cc32)cc1OC(C)C,0.0
C=CCCCN(C)C(=O)NC1CC[NH+](CCC)CC1,0.0
CCOCCS(=O)(=O)Cc1cc(=O)n2c(C)cccc2n1,0.0
COC(=O)Cn1c([C@@H](C)Cl)nc2c(C)nn(C)c21,0.0
Cc1c(C)c2ccc(OCC(=O)Nc3ccc(N4CCC(C)CC4)cc3)cc2oc1=O,0.0
CC[NH+]1CCC[C@H]1CNC(=O)c1nnn(-c2ccc(OC(C)C)cc2)c1C,0.0
C[C@H]1COc2ccccc2N1CC(=O)N(C)CC(=O)NC(C)(C)C,0.0
COc1ccc(NC(=O)NC[C@@H]2CCCO2)cc1OC(F)F,0.0
CC[C@@H](C)[C@H](NC(=O)c1ccccc1)/C([O-])=N/S(=O)(=O)C1CCCC1,0.0
CCN1C(=O)C(=O)N(CC(=O)N2C[C@H](C(N)=O)Oc3ccccc32)C1=O,0.0
CCOc1ccccc1/C=C/C(=O)O[C@@H]1CC[C@@H](S(C)(=O)=O)C1,0.0
O=S(=O)(NCc1ccc(N2CCCCC2)cc1)c1ccc(Cl)cc1,0.0
C[C@H]1C(=O)N(Cc2ccccc2F)C(=O)N1c1ccc(F)cc1,0.0
COc1ccc(N(C)S(=O)(=O)C2Cc3ccccc3C2)cc1OC,0.0
COc1cccc(CNC(=O)c2cccc(C)c2C)c1O,0.0
CCOC(=O)c1sc(NC(=O)N[C@H]2CCCC[C@H]2CO)cc1C,0.0
Cc1sc(=O)n([C@H](C)[C@@H](C)O)c1C,0.0
O=C(N[C@H]1C[C@H]1C1CCCCC1)N1CCC(OC[C@@H]2CCCCO2)CC1,0.0
CC[C@H](C)NC(=O)c1ccc(NC(=O)[C@@H]2Cc3cc(Cl)ccc3O2)cc1,0.0
O=C(/C=C/c1ccco1)N1CCC(CNS(=O)(=O)c2ccc(Cl)s2)CC1,0.0
CCOc1ccccc1C(=O)NC[C@H]1COc2ccccc2O1,0.0
C=CCC[C@@H](C)[NH+]1CCN(c2ccccn2)CC1,0.0
CCN(CC)C(=O)CN(C)C(=O)c1cc(C(C)C)no1,0.0
CS(=O)(=O)N1CCc2cc(NC(=O)Nc3ccc(Cl)cc3F)ccc21,0.0
CCC[C@H](NC(=O)c1cc(N2CCCC2=O)ccc1F)C(=O)OC,0.0
C[C@@]1(O)CC(=O)[C@@H](C(=O)Nc2ccccc2)[C@H](c2ccccc2)[C@@H]1C(=O)Nc1ccccc1,0.0
C[C@H](C(=O)c1ccc(F)c(F)c1)N1CCO[C@H](C#N)C1,0.0
CC[C@@H](Cl)CCc1cc(C)cc(F)c1,0.0
O=C(CCn1cccn1)N1CCN(c2ncccn2)CC1,0.0
CNS(=O)(=O)c1cc(C(=O)NC[C@@H](C)Cn2cccn2)c(C)o1,0.0
CN1OC[C@@H](S(=O)(=O)N(C)Cc2ccco2)[C@H]1c1cccc(C(F)(F)F)c1,0.0
O=S(=O)([N-]c1ccc2c(c1)CCC2)c1cc(Cl)ccc1Cl,0.0
COc1cc(C)ccc1NC(=O)C(=O)N1CCO[C@H](c2ccccc2C)C1,0.0
O=C(Nc1c(C(=O)N(Cc2ccco2)C[C@@H]2CCCO2)oc2ccccc12)c1ccccc1F,0.0
COc1ccc(COC(=O)c2cc(C#N)cs2)cc1,0.0
Cc1nc(CSCc2c(F)cccc2Br)no1,0.0
Cc1ccc(C)c(OC[C@H](O)Cn2cnc3c(Cl)cc(Cl)cc3c2=O)c1,0.0
COc1nc(OC)nc(S(=O)(=O)[C@H](C)CCCl)n1,0.0
CC(C)[C@H](C)[NH2+][C@H](C)[C@@H](C)O,0.0
O=C(c1cc2ccoc2s1)N1CCOCC1,0.0
C1CCC([NH2+]CC[NH2+]C2CCCCC2)CC1,0.0
COc1ccc([C@H]2C[C@@H](C)[NH+](Cc3ccccc3OCC(=O)N(C)C)C2)cc1,0.0
CCC[C@@H]1C[C@@H]1NC(=O)c1cc(S(N)(=O)=O)c(C)o1,0.0
CN(CC[NH+]1CCCC1)CC(=O)NCc1ccc2c(c1)OCO2,0.0
COC(=O)c1ccc([C@H]2C(C(=O)c3cc4ccccc4o3)=C([O-])C(=O)N2c2nc(C)cs2)cc1,0.0
CC(C)[NH2+]Cc1cc(Cl)ccc1OC[C@H]1CN(C)CCO1,0.0
CCOCC(=O)NNC(=O)c1cccc(C)n1,0.0
O=C(O[C@H]1CCOC1=O)c1cccc(S(=O)(=O)NCc2ccco2)c1,0.0
COC[C@@H](C)Nc1nc2cc(C)nn2c2ccccc12,0.0
CC1(C)C([NH2+]Cc2ccc(Br)cc2F)C1(C)C,0.0
Cc1ccc(C/[NH+]=C(\N)[S-])cc1,0.0
C[C@H](SCC(=O)NN1Cc2ccccc2C1)c1nc2ccccc2[nH]1,0.0
CC[C@H]1C(=O)NCCN1C(=O)c1csc(-c2ccc(Cl)cc2)n1,0.0
Cc1cc(NC(=O)CCN2CCN(C(=O)[C@H]3COc4ccccc4O3)CC2)no1,0.0
Cc1ccc(NC(=O)C[NH2+]CCNc2[nH+]cccc2C)c(C)c1,0.0
CC1(C(=O)NC[C@@H](O)CO)CCCC1,0.0
O=C(Nc1ccccc1C(F)(F)F)N1CCC[C@H](COCc2ccccc2)C1,0.0
Cc1cc(C)c2nc(N(CC[NH+]3CCOCC3)C(=O)[C@@H]3COc4ccccc4O3)sc2c1,0.0
CCCOc1c(Cl)cc(C(=O)N2CCC(C(=O)N(C)C)CC2)cc1OC,0.0
Cn1c(=O)n(CCC(=O)N[C@H]2CCCCNC2=O)c2ccccc21,0.0
O=C(c1ccco1)N1CCc2ccc(NS(=O)(=O)/C=C/c3ccccc3)cc21,0.0
C[C@H]1C[C@H]([NH2+]Cc2ccn(-c3ccccc3)n2)CN1c1ccccc1,0.0
Cc1cccc([C@@H]2CCCCN2C(=O)NCCCS(C)(=O)=O)c1C,0.0
CC1(C)S[C@H](c2ccccc2)N2C(=O)OC[C@H]21,0.0
O[C@H](c1cncc(F)c1)c1cc(F)cc(Br)c1,0.0
CC[NH+]1CC[C@H](CNC(=O)Nc2cc(C)nn2C)C1,0.0
CCCNC(=O)c1cc(=O)n(CC(=O)Nc2ccc(C)c(C)c2)c2ccccc12,0.0
CC(=O)O[C@H]1CC[C@@]2(C)[C@@H](CC[C@H]3[C@H]2C(=O)C[C@@]2(C)[C@H]3C[C@@H]3O[C@@]32C(C)=O)C1,0.0
CC(C)(C=O)S(C)(=O)=O,0.0
Cc1nc2cc(C(=O)O[C@H](C)C(=O)Nc3ccc4c(c3)OCCO4)ccc2n1-c1ccccc1,0.0
Cc1cncc(C(=O)N2CCC[C@H]2[C@@H]2CCC[C@@H]2O)c1,0.0
CCc1nc(Cl)c(C)c(NCc2cccc(S(N)(=O)=O)c2)n1,0.0
Cc1noc(C)c1COc1cccc(C(=O)NC[C@H]2COc3ccccc3C2)c1,0.0
Cc1ccc(C(=O)NCCCN2CC[NH2+]CC2)n1C,0.0
COc1ccc(SCCC(=O)Nc2nnc(-c3ccc4c(c3)OCO4)o2)cc1,0.0
CC[NH+](Cc1ccc(F)c(F)c1)Cc1nc(C2CC2)no1,0.0
CC[NH+](CC(C)(C)O)[C@@H](C)C(=O)N(C)C,0.0
CCOc1ccc(NC(=O)c2nn(C)c3c2CSc2ccc(C)cc2-3)cc1,0.0
COCCCn1c(CCCl)nc2c(C)nn(C)c21,0.0
CCSCCOC(=O)C1=C(C)N=C2CCCC(=O)[C@@H]2[C@@H]1c1ccc(O)cc1,0.0
CC(C)(C)C(=O)NNC(=O)C(O)(c1ccccc1)c1ccccc1,0.0
CC[C@H](CC[NH3+])N1CCN(C(=O)C[C@@H]2CCCCO2)CC1,0.0
COCC(=O)Nc1cccc(-c2ccc3c(c2)OCO3)c1,0.0
CC(=O)c1ccc(S(=O)(=O)Nc2cc3c4c(c2)CC(=O)N4CCC3)cc1,0.0
C[C@@](O)(CNC(=O)c1cccc[n+]1[O-])c1ccc(F)cc1,0.0
CCN(C)C(=O)CNc1c(C)cc(Br)cc1C,0.0
O=C(NC1CCCCC1)[C@H](c1ccncc1)N(Cc1ccccc1Cl)C(=O)c1ccco1,0.0
Cc1c(CNC(=O)CNC(=O)c2cccc(F)c2)cnn1C,0.0
COc1ccc(O)c(C(=O)N2CCO[C@@H](C(N)=S)C2)c1,0.0
O=c1[nH]c(=O)n(CCc2ccccc2)c2nccc(-c3ccco3)c12,0.0
c1cc2c3c(cccc3c1)-c1nccnc1-2,0.0
Cc1cc(C)c(NC(=O)Cn2c(C)nc3onc(C)c3c2=O)c(C)c1,0.0
CCOC(=O)c1nnsc1NC(=O)c1ccc(C)cc1C,0.0
O=C(Cn1[nH]c(=O)c2ccccc2c1=O)Nc1cc(S(=O)(=O)N2CCCC2)ccc1O,0.0
CN1c2ccccc2S[C@H]2C=CC(C(=O)[O-])=C[C@@H]21,0.0
CC(C)COc1ccccc1NC(=O)COc1ccccc1,0.0
Cc1ccccc1NC(=O)c1cn(C)nn1,0.0
COc1ccc(/C=C/C(=O)NC(=S)Nc2cccc(C)c2C)cc1OC,0.0
CCc1cc(OC[C@@H]2CN(CC)CCO2)c(C(=O)[O-])s1,0.0
CC(C)CN1C(=O)CC(=O)N[C@@H]1SCC(=O)Nc1ccccc1C(C)C,0.0
COC(=O)C[C@H](NC(=O)c1ccc(N(C)C)cc1)c1ccc(C)cc1,0.0
O=C1C(=O)N(Cc2ccc(Br)s2)C(=O)N1Cc1ccccc1,0.0
COc1cccc2cc(C(=O)OC[C@H]3CO3)oc12,0.0
CC(C)c1ccccc1NC(=O)Cn1cnc2c(cnn2C)c1=O,0.0
CC(C)Oc1ccccc1C(C)C,0.0
CCCCC[C@H](C)NC(=O)c1ccncc1Cl,0.0
COCCOCC(=O)N[C@H]1CCOc2c(Cl)cccc21,0.0
CC(=O)N(C)c1ccc(NC(=O)NCCn2cccc2)cc1,0.0
CCC(C)(C)c1ccc(OC(=O)C[C@@H]2CCS(=O)(=O)C2)cc1,0.0
CCCCCNC(=O)CN1C[C@H](C)Oc2ccc(OC)cc21,0.0
CCC(CC)c1nnc(NC(=O)c2ccc(CS(C)(=O)=O)cc2)s1,0.0
COc1cccc(-c2ccc(=O)n(CC(=O)N[C@@H](C(=O)[O-])C(C)C)n2)c1,0.0
CC[C@H](C)C(=O)NCC(=O)N1CCN(c2ccccc2Cl)CC1,0.0
C[C@@H]1CC[C@](C[NH3+])([C@H](O)c2cccc3ccccc23)C1,0.0
O=C([O-])c1cccc2c1ccn2Cc1cscn1,0.0
Cc1cccc(N2CCN(C(=O)CCc3cnn(C)c3)CC2)c1,0.0
C/C(=C/C(=O)NCc1cccc(NC(=O)[C@@H]2CCCO2)c1)c1ccccc1,0.0
C[C@@H]1CCC[NH+](CCNCc2ccccc2N2C[C@@H](C)O[C@@H](C)C2)C1,0.0
CC(C)[C@H](C)N1C[C@H]2CCCC[NH+]2C[C@@H]1C,0.0
C[C@@H](Cc1ccco1)NS(=O)(=O)c1ccc(CO)cc1F,0.0
COc1cccc(CCNC(=O)c2cc3c(OC)cccc3n2C)c1,0.0
CC(C)(C)OC(=O)c1cccc(C(=O)N2CCO[C@@H](c3nccs3)C2)c1,0.0
COc1ccc(Cl)cc1CNC(=O)N[C@H]1CCC[C@@H]1CO,0.0
CN(CC1CC1)C(=O)CSCc1cccc(Br)c1,0.0
CCNC(=O)[C@@H]1CC(=O)N(c2ccccc2)C1,0.0
CCCN1C(=O)/C(=N/NC(=O)COc2cccc(C)c2C)c2ccccc21,0.0
[NH3+]C[C@@H]1CCO[C@H]1C1CCOCC1,0.0
Cc1ccc(S(=O)(=O)N2CCC(C(=O)N(Cc3ccc(F)cc3)C3CC3)CC2)cc1C,0.0
C[C@@H]1[C@@H](C)CCC[C@H]1NC(=O)CSc1nnc([C@@H]2COc3ccccc3O2)n1C,0.0
Cc1cc(N2CCCCC2)nc(N2CCN(S(=O)(=O)c3ccc4cccc5c4c3CC5)CC2)n1,0.0
CCn1ccc(C(=O)NCCC[NH3+])n1,0.0
CCOc1ccc2c(c1)CN(C(=O)NCc1ccc([S@@](C)=O)cc1)CC2,0.0
CN(C1CCCC1)[C@@H](C[NH3+])c1cccnc1,0.0
CS(=O)(=O)c1ccc(S(=O)(=O)N2CCC(C(=O)Nc3ccc4c(c3)OCCO4)CC2)cc1,0.0
COC(=O)CC[NH+]1CCCC1,0.0
Cc1cc(=O)[nH]cc1C(=O)N[C@@H](C)c1nc2ccccc2[nH]1,0.0
O=C([C@H]1CCCN(c2ncccn2)C1)N1CCN(Cc2ccccc2)CC1,0.0
C[C@H]1CN(C(=O)CCC(=O)NCCN2CCOCC2)c2ccccc2S1,0.0
CC1CCN(C(=O)CSc2nnc(-c3ccc(Cl)cc3)n2Cc2ccco2)CC1,0.0
CC(=O)N1CCC([NH2+][C@H](c2ccccc2)[C@@H]2CCCc3ccccc32)CC1,0.0
C/[NH+]=C(\N[C@@H]1CCN(c2ccccc2)C1)N[C@@H]1C[C@H]1C,0.0
COc1ccc(S(=O)(=O)N(C)C)cc1NC(=O)C1CCN(C(=O)c2ccc(F)cc2)CC1,0.0
CN(C(=CC=O)N(C)c1ccccc1)c1ccccc1,0.0
Cc1ccc(/N=C2/S[C@@H](CC(=O)Nc3ccc(C(=O)[O-])cc3)C(=O)N2C)cc1,0.0
CSc1cccc(NC(=O)[C@H](C)Sc2nncn2C(C)C)c1,0.0
COc1ccc(N2C[C@@H](c3nnc(NC(=O)c4c(OC)cccc4OC)s3)CC2=O)cc1,0.0
COC(=O)c1c(C)[nH]c(C(=O)N2CCN(S(C)(=O)=O)CC2)c1C,0.0
Cc1cc(CSc2ncccc2C(=O)N(C)[C@H]2CCC[C@H](C)C2)no1,0.0
Cc1oc(C(=O)N2CC[C@@H](c3ccccc3)C2)cc1S(=O)(=O)N(C)C,0.0
O=C(CN1CCn2c(nnc2C2CC2)C1)N1CCC[C@@H]2CCCC[C@H]21,0.0
CCN(Cc1ccccc1)C(=O)c1cc(S(=O)(=O)NC(C)C)c(Cl)cc1Cl,0.0
O=C(Cn1cnnn1)N1CCC[C@H]1c1nc2ccccc2[nH]1,0.0
C[C@@H]1Cc2ccccc2N1CCNC(=O)c1nccc2ccccc12,0.0
CCC(=O)N1CCC[C@H](C(=O)Oc2ccccc2Cc2ccccc2)C1,0.0
O=C(Cn1nnc2ccccc2c1=O)Nc1ccc(N2CCCC2)cc1,0.0
CN(Cc1cnn(Cc2ccccc2)c1)C(=O)c1ccc(Cn2cccn2)cc1,0.0
CC(=O)Nc1ccc(C)c(NC(=O)N[C@H]2C[C@H]2C)c1,0.0
CNS(=O)(=O)c1ccc2[nH]c(O)cc2c1,0.0
CCc1cccc(NC(=O)C(=O)N2CC[C@H](O)C2)c1,0.0
O=S(=O)(CC1CCC1)NCCC[C@@H]1CCCC[C@H]1O,0.0
COCCNC(=O)[C@H]1C[C@@H](c2ccccc2)CN(C(=O)c2ccccc2F)C1,0.0
[NH3+]CC1([C@H](O)C2CCCCCC2)Cc2ccccc2C1,0.0
CC(=O)N[C@@H](Cc1c(OCC(C)C)ccc2ccccc12)C(=O)[O-],0.0
CSc1nnc([C@@H]2CCCN2S(=O)(=O)c2ccc(F)c(C)c2)n1C,0.0
CC1(C)CCCC[C@@]1(CC(=O)[O-])[NH+]1CCCCCC1,0.0
COc1cccc(-c2nnc3sc(-c4cc(OC)c(OC)c(OC)c4)nn23)c1,0.0
Cc1ccc(Nc2nc(N)nc(C[NH+]3CCCC3)n2)cc1,0.0
CC(=O)Nc1ccc(S(=O)(=O)Nc2ccc3c(c2)CCCN3C(=O)c2cccnc2)cc1,0.0
CCc1ccc(CN(C)C(=O)CSc2ncnc3c2cnn3C)cc1,0.0
Cc1ccc(C(=O)NNC(=O)[C@@H]2CCO[C@@H]2C)s1,0.0
CCc1ccc(C[C@@H](O)[C@@H](C)CC)nc1,0.0
Cc1cccc(O[C@@H]2CCCC[C@H]2N[C@@H]2CC[NH+](C)C2)c1,0.0
COC(=O)C(C)(C)[C@H]1CCCN(c2c(F)cc(C#N)cc2F)C1,0.0
O=C(COC(=O)c1ccco1)Nc1ccc(Cl)cc1Cl,0.0
CN(C(=O)CSc1nnc(-c2ccco2)n1C)c1ccccc1,0.0
O=C(C=C1CCSCC1)NNc1ccc(F)c(F)c1F,0.0
C[C@H](c1ccccc1)S(=O)(=O)c1ccccc1Br,0.0
C[NH2+]Cc1ccc(S(=O)(=O)N2CCSC[C@@H]2C)c(F)c1,0.0
COC(=O)c1ccc([C@H](C)Sc2nn(-c3ccccc3)c(=S)s2)o1,0.0
C#CCNC(=O)C[NH+]1CCC[C@@H]1c1cccc2ccccc12,0.0
COc1ccc([C@H]2CC(c3ccccc3)=Nc3nc(NC(=O)c4ccc(C)cc4)nn32)cc1,0.0
C[C@@H]([NH2+]CCCOc1ccc(F)cc1)c1nc2ccccc2n1C,0.0
COc1ccc(CCC(=O)Nc2ccc3c(c2)CN(S(=O)(=O)c2ccc(C)cc2)CC3)cc1,0.0
O=C([O-])/C=C/c1ccc(OCCSC2COC2)cc1,0.0
C[NH+](C)[C@@H](CNC(=O)Nc1ccc(C(=O)NC2CC2)cc1)c1ccccc1,0.0
C[C@@H](Sc1nnc(N2CCOCC2)n1-c1ccccc1)c1nnc(-c2ccccc2)o1,0.0
COc1ccc(OCCC[NH+]2CCC[C@H](C)C2)cc1,0.0
O=C(NCC(=O)N1CCOCC1)c1ccccc1,0.0
O=C(NC(=S)Nc1ccc(N2CCCCC2)c(Cl)c1)c1ccccc1Cl,0.0
O=C(CCCNC(=O)NOC1CCCC1)NC1CC1,0.0
C[C@@H]1CCN(C(=O)C2CCN(C(=O)OCc3ccccc3)CC2)C[C@H]1O,0.0
CCCc1cc(NC(=O)Nc2ccc3c(c2)OCCO3)n(C)n1,0.0
Cc1nc(C[NH2+][C@@H](C(=O)[O-])c2ccccc2)sc1C,0.0
COC(=O)[C@H](c1ccccc1Cl)N1CCCSCC1,0.0
CCOc1c(Br)cc(C=O)cc1OC,0.0
COc1ccccc1/C=C/CN1CCN(C(=O)c2ccccc2O)CC1,0.0
CCCCc1noc(CCn2c(=O)oc3ccccc32)n1,0.0
CCOC(=O)[C@](C)(O)[C@H](C)c1ccc2ccccc2c1,0.0
CCOC1CCN(C(=O)NCCN2CC[NH+](Cc3ccccc3)CC2)CC1,0.0
COCCOCC(=O)N[C@H](C)c1ccccc1C,0.0
CC(C)C(=O)N1CCC(C(=O)O[C@H](C)c2ccccn2)CC1,0.0
COc1ccc(OC)c(CNCc2nc3ccccc3n2C(C)C)c1,0.0
COC[C@H](C)NC(=O)c1cccc(NC(=O)C2CC2)c1,0.0
O=C(c1cc(F)cc(F)c1)c1ccc(F)c(Cl)c1,0.0
CC(C)C(=O)NC[C@H](C)NC(=O)C(C)C,0.0
CN(CCn1cnnc1)C(=O)c1cnc([C@@H]2CCCO2)s1,0.0
O=S(=O)(c1ccc(F)c(F)c1)N1CCC(O)(C(F)(F)F)CC1,0.0
C/[NH+]=C(/NCCc1ncc(C)s1)NC[C@@H]1CCC[NH+](C)C1,0.0
CCOc1ccc(CN2CCN(S(=O)(=O)c3cccnc3)CC2)nc1,0.0
Cc1cc(C)c(NCC(C)(C)C)c(C)c1,0.0
C[C@H]1C[C@H](C)CN(c2nc3c(c(=O)[nH]c(=O)n3C)n2CCSc2nc3ccccc3s2)C1,0.0
CC[C@H]1c2ccsc2CCN1C(=O)CNc1c(F)cccc1F,0.0
COc1ccc(NC(=O)c2cc(S(=O)(=O)Nc3ccccc3F)ccc2C)cc1Cl,0.0
C[C@H](N[C@@H]1C[C@@H](C)[NH+](Cc2ccccc2)C1)c1nc2ccccc2n1C,0.0
C[C@H](C(=O)NC(C)(C)C)[S@](=O)Cc1cccc(C(=O)N(C)C)c1,0.0
COc1ccc(S(=O)(=O)NC[C@@H]2CCCO2)cc1N1CCN(C(=O)c2cc(C)on2)CC1,0.0
Cc1nc(C[NH2+][C@@H]2CCCOc3cc(C)c(C)cc32)c(C)s1,0.0
O=C(NCc1ccc(N2CCCC2=O)cc1)c1cn(C[C@@H]2CCCO2)nn1,0.0
COc1ccc([C@H]2Nc3ccccc3N=C3C[C@H](c4ccc(OC)c(OC)c4)CC(=O)[C@H]32)cc1,0.0
COc1cc(C)c(SCCC(=O)Nc2cccc(C#N)c2)cc1OC,0.0
C[NH+](C)C[C@@H]1CCN(C(=O)c2cccc(Oc3ccccc3)c2)C1,0.0
Cc1nn(-c2ccccc2)c(C)c1NC(=O)C[NH+](C)C1(C(N)=O)CCCC1,0.0
CCN(C(=O)CCc1nc(C)no1)c1ccccc1,0.0
COc1ccccc1COC1CCN(C(=O)N[C@H]2C[C@@H]2c2ccccc2)CC1,0.0
NC(=O)N1CCC[C@@H](C(=O)Oc2ccccc2F)C1,0.0
CCN(CC)S(=O)(=O)c1cccnc1Cl,0.0
CCOc1ccc2c(c1)C[NH+](Cn1ccc(=S)c3ccccc31)CC2,0.0
N#C[C@H]1COCCN1C(=O)[C@@H]1C[C@@H]1c1ccc(C(F)(F)F)cc1,0.0
COc1cccc(-c2nnn(CC(=O)N3CCCC3)n2)c1,0.0
O=C(CC[C@H]1CCCOC1)O[C@@H](C1CCCCC1)C(F)(F)F,0.0
Cc1nc2cc(NC(=O)C(=O)NCC3(c4ccccc4)CCC3)ccc2o1,0.0
CC(C)CCOc1ccc([C@@]2(C)Nc3ccccc3C(=O)N2C[C@H]2CCCO2)cc1,0.0
COc1ccccc1C1(CNC(=O)C2(c3ccccc3OC)CCOCC2)CCOCC1,0.0
COc1cccc2cc(C(=O)N(Cc3ccccc3F)C[C@H]3CCCO3)c(=O)oc12,0.0
Cc1cc(C)cc(NC(=O)NCc2cc(-c3ccccn3)n(C3CCCC3)n2)c1,0.0
O=C(CNC(=O)c1cccc(Br)c1)NCC1(c2ccccc2)CCCC1,0.0
Fc1ccccc1-c1noc2c1CN(c1ncccn1)CC2,0.0
CCOc1ccccc1C(=O)N1CCN(c2ncnc3c2nnn3-c2ccc(F)cc2)CC1,0.0
CCC[C@H](C#N)N1CCN(C(=O)N2CCCCC2)CC1,0.0
COc1ccc(C(=O)/C=C/c2csc(-c3cccs3)n2)cc1,0.0
C[C@@H](CN(C)C(=O)[C@@H]1CSc2ccccc21)C(N)=S,0.0
O=C(CN(C(=O)Cn1nnc2ccccc21)c1ccccc1)NC[C@H]1CCCO1,0.0
CC[C@H](c1ccccc1)[S@@](=O)Cc1nc(-c2cccs2)no1,0.0
CCn1nc(C)cc1-c1nnc(CCC(=O)NC)o1,0.0
c1ccc2c(c1)CCN(c1c3c(nc4ncnn14)CCC3)C2,0.0
C#CC(C)(C)NC(=O)c1ccc(OC)c(O)c1,0.0
CCOC(=O)N1CCC(NC(=O)c2cc3cc(Cl)ccc3[nH]2)CC1,0.0
[NH3+]CCOCc1nc([C@@H]2CCc3ccccc32)no1,0.0
Cc1ccc([C@@H](CC(=O)N2CCCCCC2)N2Cc3ccccc3C2=O)cc1,0.0
COC(=O)Cc1cc(=O)n(-c2ccc(C(=O)NC(C)(C)C)cc2)[nH]1,0.0
C[C@H]1C[C@@H]1C(=O)Nc1ccc(C(=O)OCc2ccc(Cl)nc2)cc1,0.0
CCCC(=O)C1(C(=O)OC)CC[NH2+]CC1,0.0
CCCC(=O)N1CCC(C(=O)NC[C@@H](O)c2ccccc2Cl)CC1,0.0
CC(=O)Nc1ccc(S(=O)(=O)N2CCC(CCc3ccc(C)cc3)CC2)cc1,0.0
COC(=O)c1cc(S(=O)(=O)N[C@@H](C)c2ccc(C#N)cc2)oc1C,0.0
COc1ccccc1CCNC(=O)Nc1c(C(C)(C)C)[nH+]n(C(C)(C)C)c1N,0.0
Cc1nnc(NC(=O)c2ccccc2Cc2ccccc2)s1,0.0
O=C1NC[C@@]2(CCCN(C(=O)Cc3ccc(Cl)cc3)C2)Oc2ccccc21,0.0
C#CCC1(C(=O)[O-])CC[NH2+]CC1,0.0
Cc1nn(C)c(C)c1CCCNC(=O)N[C@@H]1c2ccccc2C[C@H]1C,0.0
Cc1cc(C)c(/C=N/Nc2nc(N3CCOCC3)nc(N3CCOCC3)n2)c(C)c1,0.0
Cc1ccc(C[NH2+]Cc2ccc3c(c2)CCO3)c(N(C)C)c1,0.0
CCO[C@@H](C)C(=O)N[C@H]1C[C@@H]1c1cccc(Cl)c1,0.0
CCNC(=O)NC(=O)C[NH+]1C[C@H](C)C[C@H](C)C1,0.0
C/C(=N\O)[C@@H]1C[C@@H](CC(=O)[O-])C1(C)C,0.0
C[NH+](C)CCCNC(=O)c1ccc(Br)cc1N,0.0
N#C/C(=C/C=C/c1ccccc1)c1nc(-c2cc3ccccc3oc2=O)cs1,0.0
CCC(=O)N1CCC(Nc2cccc(N3CCOC3=O)c2C)CC1,0.0
CC[C@@H](O)CNC(=O)c1cc2ccccc2oc1=O,0.0
C[C@@H]1CN(CCC2CC[NH+](Cc3ccc(N4CCCC4)nc3)CC2)C[C@@H](C)O1,0.0
CN(C[C@H]1CCCO1)C(=O)NCc1ccc2c(c1)OCCO2,0.0
Cc1ccc[n+](C[C@H](Br)C(=O)[O-])c1,0.0
Cc1cccc(CNC(=O)Nc2cccc(C3SCCS3)c2)c1,0.0
CCCc1cc(C(=O)N2[C@@H](C)CCC[C@@H]2C)no1,0.0
Cc1ccc(-n2nnnc2SCc2ccccc2C#N)cc1,0.0
O=C(Nc1ccccc1N1CCCC1)[C@H]1SCCc2ccccc21,0.0
Cc1ccc([C@@H]2Nc3ccccc3[C@H]3C=CC[C@@H]32)cc1,0.0
CCn1cc(S(=O)(=O)N(C)Cc2nn(CC)cc2Br)cn1,0.0
CCc1cccc(C)c1NC(=O)[C@@H](C)[S@](=O)Cc1ccc(C(C)C)cc1,0.0
COc1ccc([C@H](C)[NH2+]C[C@@H](C)SC)c(OC)c1,0.0
CC(C)(CS)C[NH+]1CC[C@@H](N2CCOCC2)C1,0.0
COC(=O)C1(NC(=O)[C@@H](C)Oc2ccc(C)cc2)CCCC1,0.0
Cc1ccc(S(=O)(=O)CNC(=O)Nc2cccc3ccccc23)cc1,0.0
Cc1csc(C[S@@](=O)CC(=O)Nc2ccc(Cl)cc2C)n1,0.0
c1ccc2c(c1)N[C@H](n1nnc3ccccc31)[C@H](n1nnc3ccccc31)S2,0.0
CC(C)Oc1ccccc1C[NH2+]Cc1ccccc1Cl,0.0
C[C@@H]1CC(C(=O)N[C@@H]2CCc3c2ccc(Cl)c3Cl)C[C@H](C)O1,0.0
CC[NH2+]CCC(=O)NC1C(C)(C)C1(C)C,0.0
O=C(CCc1ccc(-c2ccccc2)o1)N1CCC[C@@H](C(=O)N2CCOCC2)C1,0.0
C[NH+](C)[C@@H]1CC[C@@H](NC(=O)c2ccc(CN3C(=O)c4ccccc4C3=O)cc2)C1,0.0
N#Cc1ccccc1OCC(=O)OCC(=O)NC1CC1,0.0
CC[C@H]1CN(C(=O)CCNC(=O)c2ccco2)CC[C@@H]1c1ccccc1,0.0
C[C@@](NC(=O)CSCc1ccccc1)(C(=O)[O-])C1CC1,0.0
Cc1cc(=O)c(C(=O)Nc2ccc(F)cc2OC(F)F)c[nH]1,0.0
CCc1nncn1CCNC(=O)N1CCC[C@H]1c1ccccc1Cl,0.0
CCOCC(=O)N1CCC[C@H]1CC(C)=O,0.0
Cc1cc(C(=O)NCCCCC#N)sc1Br,0.0
CN(CCc1ccccn1)C(=O)CNC(=O)[C@H]1CC(=O)Nc2ccccc21,0.0
Cc1nc(C2CC2)ncc1C(=O)N1CCCC[C@H]1c1ccc(F)cc1,0.0
Cc1ccc([C@H](C)NC(=O)N2CCC(C(=O)N3CCOCC3)CC2)cc1,0.0
Cc1cc(C)cc(NC(=O)NCCCc2nnc3n2CCCCC3)c1,0.0
CC(=O)Nc1ccccc1CNS(=O)(=O)c1cc(C)cc(F)c1,0.0
CC(=O)Nc1ccc(-c2nnc(SCC(=O)Nc3cccc(Cl)c3)o2)cc1,0.0
CO[C@H](C(=O)Nc1c(C(N)=S)cnn1C)c1ccccc1,0.0
COCCOC[C@@H]1CC[NH+](C2CCCCC2)C1,0.0
COCCN(C)C(=O)Nc1ccc2c(ccn2CC(=O)N(C)C)c1,0.0
CCN(C(=O)c1n[nH]c(C)n1)[C@@H]1CCC[NH2+]C1,0.0
Cc1ccc(C(=O)OC[C@@H]2CC(=O)N(CCc3ccccc3)C2)cc1Cl,0.0
C[C@H](NC(=O)c1cccs1)C(=O)O[C@H](C)c1ccccn1,0.0
COc1ccc([C@@H]2C[C@@H](c3ccc(C)c(C)c3)Nc3ncnn32)c(OC)c1OC,0.0
CC(C)C[NH2+]C[C@@H](c1cccc(Cl)c1)[C@@H]1CCS(=O)(=O)C1,0.0
Cc1cccc(=O)n1C[C@H](CS)C(C)C,0.0
Cc1cccc(C(=O)Nc2cccc(NC(=O)CC[C@H]3CCC[NH+](C)C3)c2)c1,0.0
Cc1cccc(OCCNC(=O)[C@H]2CN(Cc3ccccc3)CCO2)c1,0.0
CCOC(=O)CSc1nnc(-c2ccc(Cl)cc2)o1,0.0
O=C(OC1(C2CC2)CC1)c1cc(Br)ccc1F,0.0
COc1ccc([C@@H](NC(=O)Nc2cc(NC(C)=O)ccc2F)C(C)C)cc1,0.0
Cn1c(C(=O)Nc2cc(Cl)ccc2Cl)cc2occc21,0.0
Cc1nnc(SCC(=O)Nc2nncs2)o1,0.0
CC(C)c1nccn1Cc1cccc(NC(=O)NCC(=O)NC(C)(C)C)c1,0.0
CC[C@@H]1CCC[C@]2(C[NH+]=C(N)N2c2cccc(OC)c2)C1,0.0
CC1CCC(CC[NH2+][C@@H]2CSCCC2(C)C)CC1,0.0
CC(=O)c1ccc(S(=O)(=O)N2CCN(CC(=O)c3cc(C)n(C4CC4)c3C)CC2)cc1,0.0
O=C(c1ccc(O)cc1)N1CCC([NH+]2CCSCC2)CC1,0.0
CC(=O)N1CC[C@@H](C[NH+](C)Cc2cc(C)n(CC(C)C)c2C)C1,0.0
COC(=O)c1ccc(C(=O)N[C@H](C)c2cccc(N3CCCC3)c2)s1,0.0
O=C1N[C@](Nc2nc3ccccc3s2)(C(F)(F)F)C(=O)N1C1CCCCC1,0.0
O=C([C@@H]1COc2ccccc2C1)N1CCCC[C@@H]1Cn1cccn1,0.0
CC(=O)Nc1ccc(C)c(NC(=O)N2CCCSCC2)c1,0.0
CCc1ccc(N[C@H]2CCO[C@]3(CCSC3)C2)cc1,0.0
COc1ccc(COCCNC(=O)[C@]2(C)CCCO2)cc1,0.0
COc1cc(NN)ccc1C,0.0
Cc1nc2nc(N)nn2c(C)c1CCC(=O)N[C@H]1CCCC[C@H]1C,0.0
C[C@@H]1CCC[C@@H]([NH+](C)Cc2cccc(Cl)n2)C1,0.0
C[C@H](NC(=O)c1ccc(CNC(=O)OC(C)(C)C)o1)c1cccc(C#N)c1,0.0
CNC(=O)c1cccc(CNC(=O)CCC(=O)c2cccs2)c1,0.0
Cc1cccc(CN(C(=O)Nc2cccnc2-n2cccn2)C2CC2)c1,0.0
COc1ccc(C(=O)N(C)CC(=O)N2N=C(c3cccs3)C[C@H]2c2ccccc2OC)cc1,0.0
CC[C@H](C)NC(=O)[C@@H](C)[NH+]1CCC[C@H](C)C1,0.0
CCn1c(SCc2cc3c(cc2Br)OCCO3)nnc1-c1ccccc1OC,0.0
CCc1noc(C[S@](=O)CC(=O)N2CCCc3ccccc32)n1,0.0
CN(C)C(=O)N1CCCn2nc(CNC(=O)CSc3ccncc3)cc2C1,0.0
CC[C@@]1(C)C[C@H]([C@H](Br)C(C)C)CCO1,0.0
Cc1cc(C)n(-c2ccc(C(=O)NCc3nnc4n3CCCC4)cc2)n1,0.0
CC[C@H]1CC[C@H]([NH+]2CCN(C(=O)[C@@H]3CCCO3)CC2)C1,0.0
C[NH+](C)[C@H]1CC[C@H](NS(=O)(=O)c2ccc(CC#N)cc2)C1,0.0
CC(C)[C@H](C)NC(=O)COc1ccc(Oc2ccccc2)cc1,0.0
Cc1cccc([C@H]2CCCN2S(=O)(=O)c2ccc(Cl)s2)c1,0.0
O=C(NCc1ccc(Cl)nc1)[C@@H]1CC(=O)N(CC(F)(F)F)C1,0.0
CCOCCN(C)C(=O)c1oc2c(OC)cccc2c1C,0.0
Cc1csc(NC(=O)CSc2nnc3c4c(C)c(C)sc4nc(Cc4ccccc4)n23)n1,0.0
COCc1cc(C(=O)Nc2nnc(SCc3ccccc3)s2)no1,0.0
Cc1cc(NC(=O)C[C@@H]2Oc3ccccc3NC2=O)ccc1Br,0.0
CC(C)[C@@H](CO)NC(=O)Cc1c(F)cccc1F,0.0
Cc1csc(NC(=O)[C@H]2CC(=O)N(c3ccc(S(=O)(=O)N(C)C)cc3)C2)n1,0.0
COCCOC(=O)C1=C(C)NC(=O)N[C@H]1c1ccc(C(C)C)cc1,0.0
COc1cc(CC(=O)N2CCC[C@@H](n3cc[nH+]c3)C2)ccc1C,0.0
CC[C@@H](C)C(=O)N1CCC(C(=O)N(C)C)CC1,0.0
CCOc1ccc(N2COc3ccc(Br)cc3C2)cc1,0.0
O=C(COc1ccc(Br)cc1)Nc1ccc(Br)cn1,0.0
NC(=O)[C@H]1CCC[NH+](CCCNC(=O)Cc2ccc[nH]2)C1,0.0
O=C(c1c[nH]c2ccccc12)[C@@H](Sc1ncnc2sccc12)c1ccccc1,0.0
CC(C)CN1C(=O)NC(=N)[C@@]12CCOC(C)(C)C2,0.0
Cc1ccc(-c2nc(SCC(=O)N3CCCc4ccccc43)nc([O-])c2C#N)cc1,0.0
CCOC(=O)c1[nH]c(C)c(C(=O)NCc2ccc(OC)cc2)c1C,0.0
Cc1ccc(Cl)cc1N1CCN(C(=O)[C@@H]2CCC[NH2+]2)CC1,0.0
Cc1cc(CN[C@@H]2C[NH+]3CCC2CC3)cc(C)c1F,0.0
C[C@H]1CCN(C(=O)NCCCOCC(F)(F)F)C[C@@H]1O,0.0
CC1CCN(C(=O)c2cnc3ccccc3c2S(=O)(=O)c2ccc(C(C)C)cc2)CC1,0.0
COc1ccccc1NCCOc1ccc(Cl)c(C)c1,0.0
CCC[NH2+][C@](C)(CO)CSc1ccncc1,0.0
Cc1cccc(N)c1NC(=O)c1cc(F)cc(Br)c1,0.0
O=C(NC[C@H]1CCOC1)NC[C@]1(N2CCOCC2)CCSC1,0.0
COc1ccc(CN(C)C(=O)CCC(=O)c2cccs2)cc1F,0.0
CCn1nc(C(C)C)cc1C(=O)N[C@@H](Cc1ccccc1)C1CC1,0.0
COCCNC(=O)NC(=O)CSc1ccc(N)nc1,0.0
C[NH2+]CC(=O)N(C)c1ccccn1,0.0
O=C(NC[C@@H](O)C1CCCCC1)c1ccc2c(c1)OCO2,0.0
CC1CCN(S(=O)(=O)N2CCC[C@H](c3cccc(C(=O)[O-])c3)C2)CC1,0.0
N#CC1(C(=O)N2CC[C@@H](C(N)=O)c3ccccc32)CCCCC1,0.0
CC[C@H](c1ccc(F)cc1F)S(=O)(=O)CCO,0.0
C[C@H]1CCC[C@H](NC(=O)N2CCC(CC(=O)N3CCCC3)CC2)C1,0.0
Cc1noc2nc(C(C)C)cc(C(=O)N(C)C(C)C)c12,0.0
Cc1nc(=O)[nH]c(C)c1CCC(=O)N[C@@H]1CCCc2ccc(F)cc21,0.0
CCc1nn(C)cc1C(=O)N1CCC[C@H]2CCCC[C@H]21,0.0
O=C1N(Cc2ccccc2F)c2ccccc2S(=O)(=O)N1c1ccc(F)cc1,0.0
Cc1ccc(NC(=O)c2ccc(Br)o2)cc1N1CCCCC1=O,0.0
CC[C@@H](C)[C@H](C(=O)NCC(=O)Nc1c(C)cccc1C)c1ccccc1,0.0
Cc1ccccc1[C@@H](CC(=O)N1CCC(C)(C)C1)NC(N)=O,0.0
C[C@@H](NC(=O)C(=O)NCC[C@H](O)c1cccc2ccccc12)c1ccccc1,0.0
CCO[C@@H]1C[C@@H](NC(=O)NC[C@H](OC)c2ccccc2)C12CCC2,0.0
CC[C@H](C)c1c(C)nn(C(=O)c2ccc(Cl)cc2)c1C,0.0
CCN(C[C@@H]1CCOC1)C(=O)Nc1cc2c(cc1Cl)OCCO2,0.0
COc1ccc(Cl)cc1S(=O)(=O)NCC1CCN(S(=O)(=O)C2CC2)CC1,0.0
Cc1ccc(S(=O)(=O)NC[C@H]2OC[C@@H](NCc3c[nH]c[nH+]3)[C@@H]2O)cc1,0.0
CC1=NC(=O)[C@@H](CC(=O)Nc2ccc(C(C)C)cc2)C(C)=N1,0.0
C=C(C)C[C@H](F)C(=O)c1ccccc1,0.0
Cc1noc(C)c1COc1ccc(C(=O)NCC(=O)NC2CC2)cc1,0.0
COC(=O)c1cccc(CCNC(=O)Nc2ncnn2C)c1,0.0
CSCC[C@@H]1NC(=O)N(Cc2cc(C)cc(C)c2)C1=O,0.0
C[C@](O)(CNS(=O)(=O)Cc1cccc(Cl)c1)c1ccccc1,0.0
CC(C)OCCS(=O)(=O)NCc1ccccc1C#CCO,0.0
COc1cc(S(=O)(=O)N2CCC[C@@H](C)C2)ccc1Cl,0.0
O=C1C[C@@H](N2CCN(S(=O)(=O)c3ccccc3)CC2)C(=O)N1c1ccccc1,0.0
CC(C)(O)CCn1cccnc1=O,0.0
CC[C@@H](C)n1ccc(C[C@@H]([NH2+]C)[C@]2(C)CCCO2)n1,0.0
Cc1cccc(OC(=O)C(C(F)(F)F)C(F)(F)F)c1C,0.0
COc1ccc(OC)c2[nH]c(C(F)(F)F)nc12,0.0
Fc1ccccc1[C@@H]1N=[NH+]C(=S)N1/N=C/c1ccc(Cl)cc1,0.0
Cc1ccc(-c2csc(-n3nc(C)cc3NC(=O)[C@@H]3CC(=O)N(c4ccc(Cl)cc4)C3)n2)cc1,0.0
CCCNC(=O)[C@H](C)[NH2+][C@@H](C)CCC,0.0
C[C@@H]1CN([C@@H](C)C(=O)NC(=O)NCc2ccccc2)C[C@@H](C)S1,0.0
CCCn1c([C@H](C)NC(=O)[C@H]2CCCO2)nc2ccccc21,0.0
CC(C)([C@@H]([NH3+])CC1CC1)[NH+]1CCCCC1,0.0
CCOC(=O)CSc1nc2sc3c(c2c(=O)n1Cc1ccncc1)CCCC3,0.0
CCOCc1nnc(NC(=O)[C@@H]2CC(=O)N(c3ccc(OC)cc3)C2)s1,0.0
COC[C@@H](NC(=O)c1cc(-c2ccc(C)cc2)nc2ccccc12)C(N)=O,0.0
CC(=O)c1cccc(OCC(=O)Nc2cc(Cl)ccc2Cl)c1,0.0
CCC[C@H](NC(=O)c1ccc(C(C)=O)s1)c1ccccc1,0.0
CC[C@@](C)([C@H](Cc1cc(Cl)ccc1OC)NC)[NH+](C)C,0.0
CC[C@H](C)Sc1ccc(NC(=O)C(=O)Nc2cnn(C(C)C)c2)c(C)c1,0.0
COc1ccc(OCc2nc(C(=O)NC(C)C)co2)cc1,0.0
CCC1(CC)CCN(C(=O)CC[C@@H](C)CC[NH3+])C1,0.0
Cc1cccc([C@@H](CC(=O)N2CCN(c3ccccc3)CC2)n2cccc2)c1,0.0
CC[C@@H](C)NC(=O)N[C@H](C)c1cccc(Br)c1,0.0
COc1ccc(CO)c([C@H]2CCC[NH2+]2)c1,0.0
CCCOC(=O)[C@H](CC)Sc1n[nH]c(=O)[nH]c1=O,0.0
Cc1ccc2c(c1)C(=O)N(CC(=O)Nc1ccc(CC[NH+](C)C)cc1)C2=O,0.0
CSCc1cc(F)ccc1CNC(=O)c1cc(C)on1,0.0
O=S(=O)(CCC1CC1)NC[C@@H]1C[C@@]12CCc1ccccc12,0.0
C[NH+](C)[C@H]1CC[C@H](NC(=O)Nc2cccc(CCC(F)(F)F)c2)C1,0.0
Cc1ccc(SCC(=O)Cc2[nH+]ccn2C)cc1,0.0
CC[NH+](CC(=O)NC[C@H]1CCS(=O)(=O)C1)C1CCCCC1,0.0
CCOC(=O)[C@@](C)(NC(=O)Cc1ccc[nH]1)C(C)C,0.0
CCOc1ccc2nc(N3CCC(C(=O)NCc4ccccc4F)CC3)sc2c1,0.0
O=C(Cn1ncn2nc(-c3ccccc3)cc2c1=O)NCC[NH+]1CCCCCC1,0.0
CN(C)C(=O)[C@@H]1CCCN1C(=O)Cn1ccccc1=O,0.0
C[C@@H]1CN(C(=O)CN2CCc3cc(F)ccc3C2)C[C@H](C)O1,0.0
Cc1ccoc1C(=O)N1CCC([C@@]2(CCC(C)C)NC(=O)N(Cc3ccccn3)C2=O)CC1,0.0
Cc1nc2ccccc2nc1-c1cc2cc(Br)ccc2o1,0.0
O=C(NCCC1=CCCCC1)c1ccc(CN2C(=O)CCn3nc(-c4ccc(Cl)cc4)cc32)cc1,0.0
CC[NH2+][C@H](COC)C(C)(C)c1ccccc1,0.0
CCOc1cc(CNC(=O)c2cc3c(=O)n4cccc(C)c4nc3s2)ccc1OC,0.0
CCOC(=O)N1CCC2=C3C(=O)N=CN=C3S[C@@H]2C1,0.0
CN(C[C@@H](O)C1CC1)C(=O)CCCn1ccnn1,0.0
CC1=C(C(=O)OCC(F)(F)F)[C@@H](c2ccccc2OC(C)C)NC(=O)N1,0.0
C[C@@H](c1ccncc1)[C@@H](Cl)c1ccc(Cl)cc1,0.0
COCCn1cnn(CN2CCN(C(=O)c3ccccc3)CC2)c1=S,0.0
C[C@@H]1C[C@H](NC(=O)[C@@H]2C[C@@H]2C)CC(C)(C)C1,0.0
Cc1nnsc1C(=O)N[C@@H]1CCC[NH+](CC2CCCCC2)C1,0.0
Cc1csc([C@@H]2CCCN(C(=O)Nc3cnccc3C)C2)n1,0.0
CCS(=O)(=O)N(CC(=O)N1CCOCC1)c1ccc2c(c1)OCO2,0.0
O=C(OCc1nc2ccccc2s1)[C@H]1SCCc2ccccc21,0.0
C[C@@H](CCCO)[NH2+]Cc1ccc2c(c1)CCN2C,0.0
CO[C@H](C)CC(=O)NCc1cccc(C#N)c1,0.0
CCOc1ccc([C@H]2C(C(C)=O)=C(C)Nc3nnnn32)cc1OC,0.0
O=C(CF)N[C@H](Sc1ccccc1)C(Cl)(Cl)Cl,0.0
O[C@@H](c1ccc(Br)cc1)[C@@H](C[NH+]1CCOCC1)c1ccccc1,0.0
O=C(CSc1nnnn1-c1ccc(Cl)cc1)Nc1cc(C(F)(F)F)cc(C(F)(F)F)c1,0.0
C[C@@H](C(N)=O)N1CC[NH+](CC2CCC(C)(C)CC2)CC1,0.0
C[C@H]([NH2+]Cc1ccc(CSC(F)F)o1)c1cc2ccccc2o1,0.0
COc1cc(F)cc(CNC(=O)c2cc[nH]n2)c1,0.0
O=C(CN1C(=O)NC2(CCCCCC2)C1=O)NCc1cccs1,0.0
O=C(NCCCN1CCOCC1)c1ccc(N2CCCC2=O)cc1,0.0
Oc1cccc(-c2cc(CC3(NCc4ccco4)COC3)no2)c1,0.0
CCC[NH+]1CCc2c(sc(NC(=O)c3ccnn3C)c2C(=O)OC)C1,0.0
CCc1cc(C(=O)Nc2ccc(NC(=O)NC)cc2)sc1C,0.0
C[C@H](NC(=O)N[C@H](CS(C)(=O)=O)c1ccccc1)C1CCCCC1,0.0
CCSC1=C(C#N)[C@H](c2ccc(CC)cc2)CC(=O)N1,0.0
COc1ccc(NC(=O)c2cc(Br)ccc2OC)cc1Cl,0.0
NC(=O)c1ccc(C(=O)Nc2ccc(N3CCSCC3)c(Cl)c2)cc1,0.0
COc1ccc([C@@H]2N=[NH+]C(=S)N2/N=C/c2ccco2)cc1OC,0.0
CCNS(=O)(=O)c1ccc(C)c(C(=O)N2CC[S@@](=O)C(C)(C)C2)c1,0.0
C[C@H](C(=O)NCC(F)(F)F)[S@](=O)Cc1c(F)cccc1Cl,0.0
CCCc1ccc(NC(=O)CC[C@H]2Cc3ccccc3NC2=O)cc1,0.0
C=C(C)CSc1nnc(-c2ccoc2C)n1C,0.0
C[NH2+]Cc1c(C)nn(C(C)C)c1C,0.0
Cc1cccc(C(C)C)c1NC(=O)CN1C(=O)N[C@@](C)(c2ccc(C#N)cc2)C1=O,0.0
CC1=C(C(=O)Nc2ccccc2)[C@H](c2cccc(OC(C)C)c2)NC(=S)N1,0.0
COc1ccc(/C=C/C(=O)n2cc(C)nc2C)cc1,0.0
CN1CC[NH+](C)C[C@H]1C(=O)Cc1ccccc1Br,0.0
C[C@@H](CNC(=O)NC[C@@H]1CCCO1)Nc1ccccc1,0.0
CCC1(CC)CC(=O)N(CCOc2ccccc2)C1=O,0.0
CCOc1ccc(S(=O)(=O)NCCc2ccccn2)cc1,0.0
CC(C)S(=O)(=O)NCC1CCN(S(=O)(=O)C2CC2)CC1,0.0
CC(C)(C)[C@H](NC(=O)c1ccc(NC(=O)Nc2ccccc2)cc1)C(N)=O,0.0
C[S@](=O)c1ccc(CNC2CC[NH+](CCc3ccc(F)cc3)CC2)cc1,0.0
CN(Cc1ccccc1)C(=O)c1ccc(NS(=O)(=O)c2ccc(F)c(F)c2)cc1,0.0
CCOC[C@H]1CCCN(C(=O)N[C@@H](C)CCSC)C1,0.0
Cn1c(-c2ccccc2)cnc1SCC(=O)NCCc1ccccc1,0.0
COCCOC[C@H]1CC[NH+]([C@H]2C[C@@H](C)CC(C)(C)C2)C1,0.0
COc1cccc(C(=O)N2CCCN(C(=O)c3cccs3)CC2)n1,0.0
COc1ccccc1NC(=O)c1ccccc1NC(=O)c1ccccc1S(C)(=O)=O,0.0
CCC[NH+]1CCC(CNC(=O)[C@@H]2CSCN2C(=O)C2CCCC2)CC1,0.0
O=c1ccc(I)cn1CC1CC1,0.0
CN1C[C@H](C(=O)N2CCNC(=O)C2)CC1=O,0.0
CS(=O)(=O)[C@@H]1CC[C@H](OC(=O)c2cccc(Cl)c2)C1,0.0
COCCCNC(=O)C1=NN(c2cc(C)ccc2C)C(=O)CC1,0.0
Cc1ccc(C(=O)N(C)[C@@H]2CCC[C@H](C)C2)cc1,0.0
CCC1(CC)CCN(c2[nH+]cc(N)cc2C)C1,0.0
Cc1c(C(=O)N(C)CCc2ccccn2)oc2c(Cl)cccc12,0.0
CSc1ccc(C(=O)N2CCC[C@@H](C#N)C2)cc1,0.0
OC[C@]1([NH2+]C2CC2)CC[C@H](Oc2cc(F)cc(F)c2)C1,0.0
CSc1nccnc1CNC[C@@H]1CCCC[NH2+]1,0.0
CC[C@@H](C[NH3+])C[C@@H]1CCCN(S(C)(=O)=O)C1,0.0
COc1ccc(C)cc1[C@H](C)NC(=O)[C@H]1SCCc2sccc21,0.0
CC[C@H](C)[NH+](C)[C@@H](C[NH3+])c1cc(OC)ccc1OC,0.0
CC(C)CC1([C@@H](O)[C@@H](C[NH3+])c2ccc(Cl)cc2)CCCC1,0.0
CCCNC(=O)c1ccccc1NC(=O)c1ccc(OC(C)C)cc1,0.0
COCCCNC(=O)[C@@H](C)Sc1c(Cl)cccc1Cl,0.0
CCOC[C@H]1CCC[NH+](CC(=O)Nc2cc(C)ccc2OC)C1,0.0
Cc1csc([C@@H](C)NC(=O)Nc2c(C)cc(C)nc2Cl)n1,0.0
CCOC(=O)c1sc2nc([C@@H](C)Nc3ccc(I)cc3)[nH]c(=O)c2c1C,0.0
COc1ccc(Cc2noc(-c3ccc(OC)c(OC)c3)n2)cc1,0.0
C[NH2+]C1CCN(c2cccc(C(F)(F)F)c2)CC1,0.0
CCc1nc(-c2cccc(NC(=O)[C@H](C)Oc3ccccc3)c2)no1,0.0
Cc1ccccc1O[C@H](C)C(=O)NC[C@H]1CCCO1,0.0
COc1ccc(N2C[C@@H](C(=O)Oc3cccc(N4C(=O)[C@@H]5[C@@H](C4=O)[C@H]4C=C[C@@H]5C4)c3)CC2=O)cc1,0.0
Cc1c(C2C3=C(CC(C)(C)CC3=O)OC3=C2C(=O)CC(C)(C)C3)c(=O)n(C)n1-c1ccccc1,0.0
CCCn1c(Cn2nc(-c3ccco3)oc2=O)nc2cc(S(=O)(=O)N(C)C)ccc21,0.0
COc1ccc(CN2CCC[NH+](Cc3ccc(OC)cc3)[C@H]2c2ccccc2)cc1,0.0
Cc1noc(C)c1CC(=O)NC(C)(C)C,0.0
N#Cc1ccc(CNC(=O)N(Cc2ccco2)C[C@H]2CCCO2)cc1,0.0
O=C(C[C@@H]1C=CCC1)NCc1ccc(C(=O)[O-])o1,0.0
C#CCNCC(=O)N[C@@H](C)c1nc(C)cs1,0.0
C[C@@H](c1ccc(S(C)(=O)=O)cc1)N(C)C(=O)CCSc1ccccc1Cl,0.0
CO[C@H](C)C(=O)Nc1cccc(NC(=O)N2CCc3cc(F)ccc3C2)c1,0.0
COc1ccc(OCC(=O)NCCc2ncnn2C)cc1,0.0
Cc1cccc(NC(=O)C(=O)NCC2CCN(c3ncccn3)CC2)c1,0.0
CCOC(=O)C(C)(C)N(C)Cc1ccc(OC)s1,0.0
O=C(N[C@H]1CC[NH+]2CCCC[C@H]12)N(Cc1cccs1)C[C@H]1CCCO1,0.0
Cc1cccc(NC(=O)NCCCc2c(C)noc2C)c1,0.0
CCC[C@](O)(CCN1CCOCC1)c1ccc(OC)cc1,0.0
CNS(=O)(=O)c1ccc([C@@H](C)[NH2+][C@@H]2CCO[C@]3(CCSC3)C2)cc1,0.0
Cc1c(C(=O)Nc2ccc(F)c(Cl)c2)oc2ccccc12,0.0
COC(=O)[C@@H](NC(=O)CO[C@@H]1CCCC[C@H]1C)c1ccc(F)cc1F,0.0
CN(C[C@@H]1CC[NH+](C)C1)C(=O)c1cnc([C@@H]2CCCO2)s1,0.0
COc1ccc(CCNS(=O)(=O)c2c(C)nc3sc(C)cn3c2=O)cc1OC,0.0
COc1ccc(C(=O)[C@@H]2CCCN(C(=O)Nc3c(C)cccc3C)C2)cc1OC,0.0
COc1ccc(OC)c(CN2CCc3nc(N4CCCC4)ncc3C2)c1,0.0
O=C(Nc1ccc2c(c1)OCO2)C1CC[NH+](Cc2cccc(Cl)c2)CC1,0.0
C[C@@H]1CCC[NH2+][C@H]1CN1C(=O)C(C)(C)S1(=O)=O,0.0
C#Cc1cccc(N(C)S(=O)(=O)Cc2cccc(OC)c2)c1,0.0
Cc1ccoc1C(=O)N[C@@H](C)c1nnc2n1CCCCC2,0.0
COC(=O)c1ccc(Cn2cnc3c(nnn3-c3ccc(Cl)cc3)c2=O)o1,0.0
Cc1[nH]c2ccc(C(=O)OCC(=O)N(C)C3CC3)cc2c1C,0.0
CCC[C@H](C)[C@H]1CC(=O)NC(=O)[C@@H]1C(C)C,0.0
CCNC(=O)c1cc(N(C)C2CCC(=O)CC2)cc[nH+]1,0.0
CCNC(=O)c1cc(-c2ccccc2)c(N2CCOCC2)s1,0.0
O=C(NN=C1CCC(=NNC(=O)c2cccc(Cl)c2)CC1)c1cccc(Cl)c1,0.0
COCC(=O)N1CCN(Cc2cc(F)ccc2Br)CC1,0.0
COc1cccc([C@H]2N=C(O)c3c(sc4c3CC[C@H](C)C4)N2)c1OC,0.0
O=C(Nc1cccc(Br)c1)C1CCN(c2nc3ccccc3s2)CC1,0.0
CN(C(=O)Cn1c([C@H]2CC(=O)N(c3ccc(F)cc3)C2)nc2ccccc21)c1ccccc1,0.0
NC(=O)C1CCC(CNC(=O)c2c3ccccc3cc3ccccc23)CC1,0.0
COc1ccc(-c2cc(-c3ccc(C)o3)[nH]c(=O)c2C#N)cc1,0.0
Cn1nccc1CSCC(=O)NC[C@H]1COc2ccccc2O1,0.0
FC(F)(F)c1ccc([C@H](c2ccccc2)N2CC[NH2+]CC2)cc1,0.0
Cc1noc(C)c1C[S@@](=O)[C@H](C)C(=O)NC1CCCC1,0.0
C[C@@H](CC(N)=O)[NH2+]C[C@](C)(O)c1ccc(F)cc1,0.0
CC(C)c1ccc([C@@H]2C[C@@H]2C(=O)NC[C@@H](C2CC2)[NH+](C)C)cc1,0.0
O=C(NCc1nnc2n1CCCCC2)Nc1ccccc1Br,0.0
C[C@H](Cc1cccc(Br)c1)[C@H](C)[NH2+]C1CC1,0.0
Cc1cc(F)c(N)cc1S(=O)(=O)N1CCC[C@H](O)C1,0.0
CCCS(=O)(=O)N1CCC[C@H](C(=O)N(C)C2CCOCC2)C1,0.0
O[C@H](c1ccoc1)[C@@H]1CCc2cccnc21,0.0
CC(=O)N1CCC(CCC(=O)Nc2cccc(OC3CCCC3)c2)CC1,0.0
Cc1ccc(C)c(C(=O)Nc2cccc(-c3nnnn3C3CC3)c2)c1,0.0
O=C([O-])CN(CC(=O)NCc1ccccc1)c1ccccc1,0.0
Brc1ccc2nc(NCCOC3CCCC3)sc2c1,0.0
CN1CCCc2cc([C@@H](CNC(=O)c3ccc(C(C)(C)C)cc3)N3CC[NH+](C)CC3)ccc21,0.0
CNC(=O)[C@@H](C)CN(C)[C@H](C(=O)NC(N)=O)c1ccccc1,0.0
Cn1cccc1[C@H](O)CNS(=O)(=O)c1ccc(F)cc1,0.0
CN(C)C(=O)c1ccc(C(=O)N2CCC[C@@H]2c2ccc3c(c2)OCO3)cc1,0.0
Cc1ccc(CNC(=O)CN2C(=O)[C@@H]3[C@@H](C2=O)[C@H]2C=C[C@@H]3C2)c(C)c1,0.0
N#CCCCN1CCO[C@@H](CC(=O)[O-])C1,0.0
Cc1nc(CN2CCS[C@@H](C)[C@@H]2C)sc1C,0.0
O=C(c1cc2c(s1)CCCCCC2)N1CCS(=O)(=O)CC1,0.0
C[C@@]1(NC(=O)COc2cccc3c2CCC3=O)CCS(=O)(=O)C1,0.0
COC[C@H](C)N1C(=O)c2ccc(C(=O)N3CC[C@H](C)C[C@@H]3C)cc2C1=O,0.0
C/C=C/C=C/C(=O)N[C@H](CC)c1c(C)nn(C)c1C,0.0
CCCCCO[C@H]1CC[C@]([NH3+])(C(N)=O)C1,0.0
CC(C)(C)c1ncc2c(n1)CN(c1ncc(C#N)c(N)n1)C2,0.0
COC(=O)CCSc1cc(C)nc(-c2ccccn2)n1,0.0
Cc1ccc(C(=O)NNC(=O)Cc2ccc(-c3ccccc3)cc2)o1,0.0
C#CC[C@@H](C)OC(=O)c1cccc(OC)c1OC,0.0
C[NH+](C)[C@H]1CC[C@@H](NC(=O)/C=C2\CCCCC2(C)C)C1,0.0
Cn1nnnc1SC[C@@H](O)COCCO,0.0
COc1cccc(S[C@H](C)C(=O)NC(=O)NC2CCCCC2)c1,0.0
CCC1=NN(C(=O)c2ccccc2)[C@](O)(c2ccncc2)C1,0.0
CCCc1nc(C[NH2+]CC2CCC(C(=O)[O-])CC2)no1,0.0
COCCn1c(C(=O)N2CCO[C@@H](c3ccccc3)C2)cc2cc(Cl)ccc21,0.0
CCOC(=O)[C@H](Oc1ccccc1)c1ccccc1,0.0
COCCN(Cc1ccccc1)C(=O)[C@@H](C)NC(N)=O,0.0
CC[C@H](C)Oc1ccc(-c2ccccc2)cc1C=O,0.0
O=C(Nc1ccccc1)N1CCC[C@@H](c2nc3ccccc3o2)C1,0.0
CCc1cccc(NS(=O)(=O)c2c(N)cc(Cl)cc2Cl)c1,0.0
O=c1c2ccc(F)cc2ncn1[C@H]1CCc2ccccc2N=C1O,0.0
CC(C)(C)OCCCOc1ccccc1C[NH3+],0.0
CCc1nc2n(n1)CCC[C@H]2NC(=O)CN(C)S(=O)(=O)CC,0.0
Cc1ccc(C)c(OCC(=O)N[C@@H](Cc2ccccc2)C(=O)[O-])c1,0.0
COc1cc(C(=O)NNC(=O)c2ccccc2Br)ccc1OC(F)F,0.0
COCCNC(=O)Cn1c(C(F)(F)F)nc2ccccc21,0.0
O=C(CCC(=O)N1CCN(c2ccccc2F)CC1)c1ccc(Cl)s1,0.0
Cc1ccccc1CCNC(=O)C[C@H](O)c1ccc(Cl)cc1,0.0
CC[NH2+][C@H]1CCC[C@H]([C@@H]2CCc3cccnc32)C1,0.0
C[C@H](OC(=O)[C@@H]1CCCN(S(=O)(=O)c2ccc(F)cc2)C1)C(=O)N1CCCCCC1,0.0
C#Cc1cc(F)c(NC(=O)NCC2(CC)CC2)c(F)c1,0.0
CC1(C)[C@H](C(=O)[O-])[C@@H]1C(=O)N1CCN(Cc2ccccc2)CC1,0.0
O=C([O-])c1cccc(CS(=O)(=O)NCc2ccccc2)c1,0.0
Clc1ccc2oc(SC3CCCC3)nc2c1,0.0
C[C@@H]1C(=O)N(CC(=O)Nc2ccc(F)cc2F)C(=O)N1c1ccc(F)cc1,0.0
CC[C@H](CS)C[NH+](C)Cc1ccccc1OC,0.0
Cc1ccc(C(=O)N2CCN(S(=O)(=O)N(C)C3CCCCC3)CC2)cc1,0.0
O=C(Nc1ccc(Cl)cc1Cl)N1CCCSCC1,0.0
C[C@H](O)CNC(=O)NCc1ccc(N2CCc3ccccc3C2)[nH+]c1,0.0
CC(C)NS(=O)(=O)c1ccc(Cl)c(C(=O)N2CCC[C@H](O)C2)c1,0.0
O=C(CCc1ccccc1)Nc1ccc(NC(=O)C2CC2)nc1,0.0
NS(=O)(=O)c1ccc(CNC(=O)NCCc2cccc(F)c2)cc1,0.0
COc1ccc(OC)c(CNCCc2ccc(Cl)cc2Cl)c1,0.0
COC(=O)c1sc(NC(=O)c2cccc(Cl)c2)nc1C1CC1,0.0
C[C@H](O)[C@@H](C)[NH2+]CCCC(=O)NC1CC1,0.0
CC1(C)CC[C@](C[NH3+])(CCOCC(F)(F)F)[C@H]1O,0.0
Cc1c(C(=O)N2CC(=O)N(CCc3ccccc3)C(=O)C2)nnn1-c1ccc(Cl)cc1,0.0
CCOC[C@H]1CCN(C(=O)N[C@H]2CCC[C@@H]2c2ccc(F)cc2)C1,0.0
CN(Cc1ccsc1)C(=O)NCc1ccc(-c2nc3ccccc3s2)o1,0.0
O=C(CCN1C(=O)[C@H]2CC=CC[C@H]2C1=O)Nc1ccc(OCc2ccccc2)cc1,0.0
CCOc1ccc(-c2ccc(=O)n(CCNC(=O)c3ccc(C)c(C)c3)n2)cc1,0.0
Cc1n[nH]c(C)c1CCc1cc(=O)[nH]c(N2CCC(C)CC2)n1,0.0
C=CCN(CC(=O)[O-])C(=O)[C@@H]1[C@H](C)[C@H](C)O[C@@H]1C,0.0
COc1ccc(N2CCN(C(=O)[C@H](C)NC(=O)c3cc4cc(OC)ccc4n3C)CC2)cc1,0.0
CN(CCC#N)C(=O)CNC(=O)c1cccs1,0.0
CCOC(=O)C(C)(C)NS(=O)(=O)c1ccc(C)cc1C,0.0
C[C@@H](O)[C@@H](NC(=O)CCOc1ccc(Br)cc1)C(=O)[O-],0.0
O=C([O-])[C@H]1CCCCN1C(=O)N1CCOCC1,0.0
Cc1ccsc1CNC(=O)C[NH+]1CCC[C@H](O)C1,0.0
CC[C@@](C)(CCO)NC(=O)N[C@@H](C)c1ccc(Cl)s1,0.0
CC[NH+](Cc1ccccn1)C[C@H]1CCCCC1=O,0.0
COC(=O)c1ccc(NC(=O)CSc2nc(=O)n3cc(C)ccc3n2)cc1,0.0
C[C@H]1C[C@@H](Sc2nnc(N3CCCC3)n2Cc2ccco2)C(=O)O1,0.0
CC[C@@H]1CC[C@@](Cc2ccc(O)cc2)(C(=O)[O-])C1,0.0
CC(=O)N1Cc2ccccc2O[C@]2(CCCN(C(=O)[C@H](C)[NH3+])C2)C1,0.0
Cn1ncc2c1CCC[C@H]2NC(=O)N1CCC[C@@H]1C[NH+]1CCCC1,0.0
O=S(=O)(NC[C@H]1CCOC1)c1ccc(Cl)c(C(F)(F)F)c1,0.0
Cc1nn(-c2ccccc2)c(C)c1C[NH+](CC(=O)N1CCCC1)C[C@H]1CCCO1,0.0
CCN(CC(=O)NC(C)C)C(=O)N[C@H]1C=C[C@H](C(=O)[O-])C1,0.0
COc1cc([C@H](C)[NH2+][C@H]2c3ccccc3C[C@H]2C)cc(OC)c1OC,0.0
Cc1nn(C)c(C)c1C[C@H](C)NC(=O)c1ccc(Cl)c(N2CCCCC2)c1,0.0
Cc1ncoc1C(=O)N1CCC(n2nccc2NC(=O)CCCc2ccccc2)CC1,0.0
CCN(CCC#N)C(=O)Cn1nnc(-c2ccsc2)n1,0.0
O=C(C1CCN(S(=O)(=O)c2ccc3[nH]c(=O)ccc3c2)CC1)N1CCOCC1,0.0
O=C([O-])[C@H]1CCCN(c2ccc([O-])nn2)C1,0.0
O=C(c1ccn2ccnc2c1)N1CC[C@H](Oc2cccc(Cl)c2)C1,0.0
CC(C)[C@H](NC(=O)NCc1ccccc1)C(=O)NC1CC1,0.0
CCOC(=O)C1=C(C)N=C(C)[C@H]1S(=O)(=O)[N-]c1ccc(Cl)cc1F,0.0
O=C(CSc1ncc(-c2ccccc2)n1-c1ccccc1)Nc1ccc2c(c1)OCO2,0.0
Cc1ccnc(NC(=O)CCn2c(=O)sc3cc(S(=O)(=O)N4CCCCCC4)ccc32)c1,0.0
C[C@H]1CCC[NH+]1CC(=O)N1CCN(C)c2ccccc2C1,0.0
Cn1nc(Br)cc1N,0.0
Cc1nsc(N[C@@H]2CCCCC[C@H]2C)c1C#N,0.0
C[NH2+][C@H]1CCC[C@H]1CCSc1ccc(C)c(C)c1,0.0
CCCCCC(C)(C)C(=O)Nc1cc(C)nn1C,0.0
CC(C)Oc1ccc([C@@]2(C)C[NH+]=C(N)N2)cc1,0.0
NC1=[NH+]C[C@H]([C@H]2CCCOC2)N1c1cccc(F)c1,0.0
Cc1ccc([C@@H](C)CNC(=O)N[C@@H]2CCCN(c3cnn(C)c3)C2)cc1,0.0
CSc1ccc(CN2Cc3ccccc3C[C@@H]2c2nnc(C)o2)cc1,0.0
CN(CC(C)(C)C)c1nc(C2CC2)no1,0.0
CC(C)CC[NH+](C1CCCC1)[C@H]1[C@H](C)C[C@H](C)C[C@H]1O,0.0
O=C(COc1ccccc1)NC[C@H]1C[C@@H](O)C[NH+]1Cc1ccccc1,0.0
Cc1nn(-c2ccccc2)c(C)c1CNC(=O)c1cc(S(=O)(=O)N(C)C)ccc1N1CCCC1,0.0
COc1cc(NC(=O)CCCOc2ccc(Cl)cc2Cl)c2ncccc2c1,0.0
CCc1nnsc1C(=O)NC[C@@H]1CCC[NH+](Cc2ccccc2)C1,0.0
Cc1cccc(NC(=O)C(=O)NC[C@@H](C)[NH+]2CCc3ccccc3C2)c1C,0.0
COc1ccccc1C[C@H](C[C@@H]1CCCCO1)C(=O)[O-],0.0
CC(C)Oc1ccc([C@@H](N)C(F)(F)F)cc1,0.0
CC(C)Cn1c(N2CCN(Cc3c(Cl)cccc3Cl)CC2)nc2c1c(=O)[nH]c(=O)n2C,0.0
COc1ccc(C(=O)NCCCc2ccccc2)c(OC)c1,0.0
CN(CCc1ccccc1)S(=O)(=O)c1ccc2c(c1)OCCO2,0.0
COc1ccc(N(Cc2cccnc2)S(=O)(=O)c2cn(C(F)F)nc2C)cc1,0.0
COc1cc(OC)c(CNC(=O)NC2(C)Cc3ccccc3C2)c(OC)c1,0.0
CCOc1ccc(C)cc1C(=O)c1ccc(CC)o1,0.0
Cn1c(=O)c2ccccc2n2c(CSc3nnc(C4CC4)n3-c3ccccc3)nnc12,0.0
[NH3+][C@@H]1C=C[C@H](c2nc([C@H]3CSCCS3)no2)C1,0.0
CCOC(=O)c1c(NC(=O)[C@H]2CCCN2S(C)(=O)=O)sc2ccccc12,0.0
COC(=O)C1(NC(=O)c2cc(C(C)(C)C)on2)CCSCC1,0.0
CSc1ccc(CNC(=O)C(=O)Nc2nnc(CC(C)C)s2)cc1,0.0
CC(C)C[C@H](C)N(C)C(=O)Cn1nnc2ccccc2c1=O,0.0
Cc1cc(CCCC(=O)N2CC[C@H]3CCCC[C@H]32)c(C)s1,0.0
Cc1cccc(NC(=O)NC[C@H]2COc3ccccc3O2)c1,0.0
COc1ccc(Cl)cc1CN(C)Cc1nccn1C(F)F,0.0
COC(=O)Cn1c(=O)c2c(nc3n2CCCN3c2ccc(C)cc2C)n(C)c1=O,0.0
O=C(NCCc1ccccc1)NCCc1csc2nc(-c3cccs3)nn12,0.0
C[C@@]1(CNC(=O)C[NH2+]CC2CC2)CCCO1,0.0
O=C1/C(=C\c2ccco2)COC/C1=C/c1ccco1,0.0
CC(=O)Nc1ccc(F)c(NC(=O)Cc2ccccc2Cl)c1,0.0
COc1ccc(CN2CCN(C(=O)[C@@H]3CCCN(C(=O)c4ccc(Cl)cc4)C3)CC2)cc1F,0.0
C[NH2+]C1CCC([NH+](C)CC(=O)N[C@H](C)c2ccco2)CC1,0.0
O=C(NC[C@H](CCO)c1ccccc1)N1CCc2c(F)ccc(F)c2C1,0.0
C[NH2+][C@H]1[C@@H](C[NH+](C)C)CCC1(C)C,0.0
C(#CC1=CCCCC1)C[NH+]1CCCC[C@H]1c1cccnc1,0.0
C[C@H]1CC(n2c(CCCl)nc3cccnc32)C[C@H](C)C1,0.0
Cc1cccc(NC(=O)N2CCN(Cc3nc(-c4ccccc4)oc3C)CC2)c1C,0.0
CCCS(=O)(=O)N1CCN(C)C(=O)C1(C)C,0.0
O=C1CN(C(=O)CSc2nnc(-c3cccc(Cl)c3)o2)C2(CCCCC2)C(=O)N1,0.0
COc1ccc([C@@H](CC(=O)Nc2cccc(C)c2Cl)NC(C)=O)cc1,0.0
CCN(CCC(=O)[O-])C(=O)N(C)CCc1cccs1,0.0
O=C(CCN1CCS(=O)(=O)[C@@H]2CCCC[C@@H]21)N1CCCCC1,0.0
Clc1ccnc(CSc2nnc3n2CCCCC3)c1,0.0
CC(C)C[C@H](C)CC(=O)OCC(N)=O,0.0
C[C@@H](CC(=O)N1CCCC[C@H]1CN1CCCC1=O)Cc1ccc(Cl)cc1,0.0
C[C@H](c1cccc(Cl)c1)[NH+](C)Cc1ccco1,0.0
N#Cc1c(SCc2ccccc2)sc2c([O-])cc(=O)[nH]c12,0.0
CCC[NH2+][C@@H](c1ccc(Br)o1)c1ccoc1C,0.0
C[C@@]1(c2nc([C@@H]3CSCCO3)no2)CC[NH2+]C1,0.0
CN(Cc1ccno1)Cc1c(C(=O)N2CC[NH+](C3CCCCC3)CC2)nc2ccccn12,0.0
C[C@@H]([NH2+]CC(=O)N(C)Cc1ccccc1F)C(C)(C)C,0.0
CC[C@](C)(NC(=O)Nc1cccnc1)C(=O)[O-],0.0
C[C@H]1CCC[C@H](C)C1NC(=O)NCC1CCN(S(C)(=O)=O)CC1,0.0
NC(=O)N1CCC(C(=O)N2CCc3ccccc32)CC1,0.0
Cc1cccc(NNC(=O)c2cc(-c3ccco3)nc3onc(C)c23)c1,0.0
CCC(CC)N(CCOC)C(=O)Nc1ccc2c(c1)OCCCO2,0.0
CN(C)C1CC[NH+]([C@@H]2CCC(C)(C)[C@@H]2O)CC1,0.0
O=C(COc1ccc(Cl)cc1)N1CCC1,0.0
CCC[NH+](CC1CC[NH2+]CC1)[C@@H]1C[C@H](C)CC[C@@H]1C,0.0
C#CCN(C(=O)NCc1ccccc1C)[C@@H]1CCS(=O)(=O)C1,0.0
COCCCNC(=O)/C=C/c1c(C)nn(-c2ccccc2)c1Cl,0.0
COc1ccccc1NC(=O)/C=c1\s/c(=C\c2cccc(OC)c2OC(C)C)c(=O)n1C,0.0
C[C@H]1CN(C(=O)NC[C@@H](c2ccc(F)cc2)N2CCOCC2)CCO1,0.0
COc1ccc2c(c1)[C@@](O)(C1(C#N)CCCCCC1)CC2,0.0
COc1ccc(OC)c(NS(=O)(=O)c2cc(-c3cc(C(F)(F)F)[nH]n3)sc2C)c1,0.0
CCCCCC[C@H](C)NC(=O)N1CCC[C@H](c2[nH]cc[nH+]2)C1,0.0
Cl/C=C/C(Cl)(Cl)Cl,0.0
C[C@H]1OCC[C@@H]1C(=O)N1CC=C(c2ccccc2Cl)CC1,0.0
CCOCCN(C)CN1C[C@@H](c2ccccc2)CC1=O,0.0
CCc1ccccc1NC(=O)CCN1C[C@H](C(=O)[O-])CC1=O,0.0
Cc1csc(CNCc2c(Cl)cccc2Cl)n1,0.0
O=C(Nc1cccc(C(F)(F)F)c1)[C@H]1CCCN1S(=O)(=O)c1ccccc1Cl,0.0
CC[NH+](CC)C(CC)(CC)[C@@H](O)c1cc(C)c(C)cc1C,0.0
COc1ccc(C(=O)Nc2cccc(-c3noc(C4CC4)n3)c2)cc1OC,0.0
O=C(NCCNC(=O)C1CC1)c1ccc(NC(=O)C2CC2)cc1,0.0
CCC1(C(=O)c2ccc(Cl)cc2)CCCC1,0.0
O[C@H](CNc1cncc(Cl)n1)c1ccc(Cl)cc1,0.0
O=C(CN[C@H]1CCCC[C@@H]1[C@@H]1CCCC[NH2+]1)NC1CC1,0.0
CCOc1cc2c(cc1NC(=O)COc1ccccc1F)O[C@H](C)C2,0.0
C[C@H](C[NH+]1CCCCC1)NC(=O)NCC(=O)Nc1ccccc1,0.0
CCC(CC)[NH2+][C@@H]1c2ccccc2C[C@H]1Cl,0.0
CCC(=O)Nc1ccc(NC(=O)[C@H]2C=C[C@H]([NH3+])C2)cc1,0.0
CCOC(=O)[C@@H](C)c1ccc(OC)c(OC)c1,0.0
CSc1ccc(NC(=O)C(=O)N(C)CC2CCC(C)CC2)cn1,0.0
CCN(CC)C(=O)CN1CCC[NH+](CC(=O)N2CCCCC2)CC1,0.0
CC[C@H](Cc1ccccc1)NC(=O)NCc1ccccn1,0.0
CCn1c([C@@H](C)NC(=O)c2ccc(F)cc2)nc2ccccc21,0.0
Cc1cc(C(=O)NC2CC[NH+](Cc3nnsc3Cl)CC2)no1,0.0
C=CCn1c(SCc2csc(NC(C)=O)n2)nnc1-c1ccncc1,0.0
CCOc1cc([C@H]2C(C#N)=C(N)Oc3cc(C)oc(=O)c32)ccc1OC,0.0
Cc1ccc(C(=O)N(C)C[C@@H](O)CN2CCOCC2)cc1Cl,0.0
CC(=O)c1ccc(NC(=O)C(=O)NCCc2csc3ccccc23)cc1,0.0
CC[NH2+][C@]1(CO)CC[C@@H](N2CC[C@H]([NH+]3CCCC3)C2)C1,0.0
CNS(=O)(=O)c1cc(C)c(C)cc1I,0.0
O=C(N[C@@H]1CCCc2ccc(F)cc21)[C@H]1COc2ccccc2O1,0.0
C[C@H](NC(=O)c1ccoc1)C(=O)O[C@@H](c1ccccc1)c1ccncc1,0.0
COCCC[NH+](C)CC1(CS)CC1,0.0
CN(Cc1ccco1)C(=O)Cn1cnc2sc(-c3ccccc3)cc2c1=O,0.0
Cc1cc(C)cc(C[S@@](=O)[C@@H](C)CC#N)c1,0.0
O=S(=O)(NCCc1ccccc1F)N1CCOCC1,0.0
COc1ccc([C@@H]2CCCN2C(=O)CCc2ccc(S(N)(=O)=O)cc2)cc1,0.0
Cc1noc(CCCNC(=O)N2C[C@@H](C)[C@H]2c2ccccc2)n1,0.0
CCC(=O)Nc1ccc(S(=O)(=O)N2CC[C@@H](C)[C@H](O)C2)cc1,0.0
COc1cc(NC(=O)COc2ccc(Br)cc2)ccc1NC(=O)C(C)C,0.0
Cc1c(Cl)cccc1NC(=O)CSc1nc(=O)n(CCN2CCOCC2)c2c1CCC2,0.0
Cn1c(=O)n(CC(=O)OCc2ccccc2)c2cccnc21,0.0
NC(=O)[C@@H]1Cc2ccccc2CN1C(=O)c1cccc(F)c1,0.0
COc1ccc([C@@H](C)COC(=O)c2csc(-c3ncccn3)n2)cc1,0.0
COCCOc1ccc(C[NH+]2CCS[C@@H]3CCCC[C@@H]32)cc1,0.0
O=C(NCCc1ccccc1)[C@H](c1ccccc1)n1cccc1,0.0
Cc1nn(C)cc1CN1CC[C@H]2[C@H](CCC[NH+]2C)C1,0.0
CN[C@H](c1[nH+]ccn1C)[C@H](C)OC,0.0
COc1cccc(-c2nnn(Cc3ccccc3F)n2)c1,0.0
CC(C)n1c(SCC(=O)Nc2ccc(Br)cc2)nnc1N(C)C,0.0
[NH3+]CCc1ccc(-c2nc3ccc(Cl)cc3s2)cc1,0.0
CCCn1c([C@@](C)([NH3+])CC)nc2cc(Cl)ccc21,0.0
C[C@@H]1CN(C(=O)[C@@H]2CC(=O)N(C3CCCC3)C2)C[C@H](C)O1,0.0
C[C@H](CC1CCOCC1)[NH2+]C[C@H](O)C1CCOCC1,0.0
CC(C)CN(C)C(=O)[C@@H]1C[C@@H]1c1ccccc1C(F)(F)F,0.0
Nc1c2ccccc2c2ccccc2[n+]1N,0.0
COc1ccccc1[C@@H](NC(=O)CCc1c(C)noc1Cl)C(C)(C)C,0.0
CC[C@H](C)NC(=O)c1ccc(Cl)c(S(=O)(=O)N2CCN(C)CC2)c1,0.0
N#Cc1ccc(C(F)(F)F)nc1N1CCCC[C@H]1CO,0.0
O=C([C@@H](c1ccccc1)C1CC1)N1CCC(OCc2ccc(F)cc2)CC1,0.0
Cc1cccc(C(C)(C)C)c1NC(=O)C(=O)Cc1nc2ccccc2s1,0.0
CCOCCSc1nnc(-c2ccc(Cl)cc2Cl)n1C(C)C,0.0
CC(=O)Nc1ccc(S(=O)(=O)N[C@@H]2CC(=O)N(c3ccc(F)cc3)C2)cc1,0.0
COc1cccc2cc(C(=O)C3=C([O-])C(=O)N(c4cc(C)on4)[C@H]3c3ccc(C(C)C)cc3)oc12,0.0
CC[NH+](CC)[C@@H]1CCN(c2nc(C(F)F)nc3ccccc23)C1,0.0
CCOC(=O)C1CCC(Nc2ccc(Cn3cccn3)cc2)CC1,0.0
CC(=O)c1ccc(N2CCN(C(=O)[C@H]3CCCN(S(=O)(=O)c4cccc5nonc45)C3)CC2)cc1,0.0
O=C(CCN1C(=O)CSc2ccccc21)Nc1cccc(C(F)(F)F)c1,0.0
CCC[C@H](C)CS(=O)(=O)N1CCn2c(nn(C)c2=O)C1,0.0
Cc1nn(C)cc1CN1CCOC[C@H]1CC(C)C,0.0
CC[C@H]1CCC[C@@H](NC(=O)C(=O)Nc2ccc(NC(=O)C[NH+](C)C)cc2)C1,0.0
CC[C@@](C)([C@@H]([NH2+]C)[C@@H]1CCOC1)N1CCOCC1,0.0
COc1ccc(C)cc1[C@@H](C)NC(=O)c1ccc2c(c1)NC(=O)[C@@H](C)S2,0.0
CC[C@@H](C)[C@](C)(O)[C@]1(C[NH3+])CCc2ccccc2C1,0.0
Cc1ccc(N2C(=O)[C@@H]3[C@@H]4C=C[C@@H]([C@@H]5C[C@H]45)[C@@H]3C2=O)c(C)c1,0.0
CN(CCn1cnnc1)S(=O)(=O)N1CCC(C(C)(C)C)CC1,0.0
C[C@H]1CCCCC[NH+]1CC(C)(C)[C@@H](C)[NH3+],0.0
O=C1CCCC2=C1[C@H](c1ccc(O)cc1)Nc1ccc3ncccc3c12,0.0
Cc1ccc([C@H](C)NC(=O)NC[C@@H](C(=O)N2CCOCC2)c2ccccc2)cc1,0.0
CNC(=O)COC(=O)CCOc1c(C)cccc1C,0.0
C=CCC[C@@H](C)OC(=O)c1ccc2c(c1)OCC(=O)N2,0.0
COc1ccc(C(=O)N2CCC3(CC2)Nc2ccccc2-n2cccc23)c(OC)c1,0.0
CCc1oc2ccccc2c1C[NH2+]Cc1ccc(C2OCCO2)cc1,0.0
CN(CC(=O)NC(=O)NCc1ccco1)CC(C)(C)C[NH3+],0.0
CCO[C@@H]1C[C@@H]([O-])C12CC[NH+](Cc1cccn1CCC(C)C)CC2,0.0
Cc1cccc(C)c1OCCNC(=O)COc1ccc2nccnc2c1,0.0
CNC(=O)COc1ccc(C=O)cc1Br,0.0
CCCCn1c2c(c(=O)[nH]c1=O)[C@@H](c1ccc(OCC)cc1)C1=C(CCCC1=O)N2,0.0
CC[NH+](CC(=O)NC(C)(C)C)Cc1cc(=O)n2c(-c3ccccc3)csc2n1,0.0
CC(C)(C)OC(=O)N1CC(NCC(F)(F)F)(C(N)=O)C1,0.0
Cc1ccc(C)c(NC(=O)COC(=O)CN2C(=O)NC3(CCC(C)CC3)C2=O)c1,0.0
COc1ccc(C)c(NC(=O)c2ccccc2F)c1,0.0
CC(C)c1ccc(OCC(=O)NCc2ccc(Cl)cc2)cc1,0.0
COC(=O)[C@@H]1[C@@H]2C=CC[C@H]1C=C2,0.0
CCCNC(=O)Nc1ccc(NC(=O)N2CCC[C@@H](C(=O)NC(C)C)C2)cc1,0.0
CCn1cc(S(=O)(=O)N[C@H](CCl)C(C)C)nc1C,0.0
CC(C)C[C@H](CNC(=O)NC[C@H]1CCC(=O)N1)C(=O)[O-],0.0
CCC[NH2+][C@@H]1[C@H](SC2COC2)CCCC1(C)C,0.0
C[C@@H](NC(=O)Cn1cccc(C(=O)NCc2ccccc2)c1=O)c1ccccn1,0.0
Cc1c(CN2CCC([NH+]3CCC[C@@H]3C)CC2)cc(C#N)n1C,0.0
C[C@H](CCC(=O)[O-])NC(=O)OC(C)(C)C,0.0
Cc1cc(Br)ccc1NC(=O)CN(C)C(=O)c1ccc2c(c1)nc(C)n2-c1ccccc1,0.0
Cc1nc(-c2cc(C)c(C)[nH]c2=O)n([C@H]2CCS(=O)(=O)C2)n1,0.0
COc1ccc2c(c1)N(CC(=O)N(CC(C)C)CC(F)(F)F)CCO2,0.0
O=C(NC[C@H]1COc2ccccc2O1)Nc1ccc2c(c1)OCO2,0.0
CCOc1ccc2nc(S[C@@H](C(=O)[O-])c3ccccc3)[nH]c2c1,0.0
COc1ccc([C@@H](O)CNC(=O)C[C@@H](C)n2cccc2)cc1,0.0
CC(=O)Nc1c(C)cc(NC(=O)NCC[C@@H](O)C(C)C)cc1C,0.0
Cc1nc(C)c(S(=O)(=O)N(C)CC(C)(C)O)s1,0.0
CC(C)(C)NC(=O)CSc1nc2cc(Cl)ccc2s1,0.0
O=C(CN[C@H](C1CCCC1)C(F)(F)F)N1CCCCCCC1,0.0
CC(=O)Oc1ccccc1C(=O)N[C@H]1CCS(=O)(=O)C1,0.0
Cc1noc(CCCC(=O)N2CCN(Cc3ccncc3)CC2)n1,0.0
O=C(c1ccccc1Cl)N1N=C(C(F)(F)F)C[C@@]1(O)C1CCCCC1,0.0
COc1ccccc1NC(=O)[C@@H]1CC(=O)N(c2cc(C)cc(C)c2)C1,0.0
Cn1cc(C(=O)NNS(=O)(=O)c2ccc(F)cc2)c2ccccc21,0.0
